customer_id,first_name,last_name,email,age,gender,city,registration_date,customer_segment,loyalty_member,is_active
CUST000001,Hans,Weber,customer1@email.com,42,Other,Braunschweig,2021-11-28,Mature Customers,True,True
CUST000002,Maria,Wagner,customer2@email.com,32,F,Bielefeld,2018-07-11,Prime Shoppers,False,True
CUST000003,Anna,Bauer,customer3@email.com,44,M,München,2021-07-28,Mature Customers,False,False
CUST000004,Klara,Hoffmann,customer4@email.com,57,M,Kiel,2021-08-13,Mature Customers,True,True
CUST000005,Laura,Becker,customer5@email.com,31,F,Hamburg,2019-03-09,Prime Shoppers,True,True
CUST000006,Tim,Hoffmann,customer6@email.com,31,Other,Hamburg,2023-01-16,Prime Shoppers,True,True
CUST000007,Greta,Hoffmann,customer7@email.com,58,M,Gelsenkirchen,2018-02-02,Mature Customers,False,True
CUST000008,Felix,Hoffmann,customer8@email.com,46,M,Bonn,2019-09-05,Mature Customers,False,True
CUST000009,Emma,Bauer,customer9@email.com,27,Other,München,2020-02-26,Prime Shoppers,False,True
CUST000010,Noah,Fischer,customer10@email.com,43,M,Bremen,2018-07-20,Mature Customers,False,True
CUST000011,Ida,Becker,customer11@email.com,28,F,Dortmund,2018-03-02,Prime Shoppers,False,False
CUST000012,Felix,Koch,customer12@email.com,28,Other,Mannheim,2020-06-03,Prime Shoppers,False,True
CUST000013,Max,Weber,customer13@email.com,38,M,Augsburg,2022-05-01,Prime Shoppers,True,True
CUST000014,Emma,Wagner,customer14@email.com,18,Other,Mönchengladbach,2019-07-03,Young Adults,True,False
CUST000015,Leon,Schmidt,customer15@email.com,18,M,Berlin,2019-10-11,Young Adults,False,False
CUST000016,Ida,Schmidt,customer16@email.com,26,M,München,2020-01-08,Prime Shoppers,True,False
CUST000017,Tim,Schulz,customer17@email.com,19,Other,Nürnberg,2020-07-08,Young Adults,True,True
CUST000018,Leon,Schulz,customer18@email.com,39,M,Münster,2018-07-03,Prime Shoppers,False,False
CUST000019,Jonas,Wagner,customer19@email.com,21,F,Gelsenkirchen,2018-01-26,Young Adults,True,True
CUST000020,Sophie,Schneider,customer20@email.com,18,Other,Hannover,2021-03-17,Young Adults,True,True
CUST000021,Jonas,Weber,customer21@email.com,56,F,Frankfurt,2019-07-05,Mature Customers,True,True
CUST000022,Ida,Wagner,customer22@email.com,31,F,Bochum,2020-06-09,Prime Shoppers,True,True
CUST000023,Hans,Bauer,customer23@email.com,36,Other,Bochum,2019-05-31,Prime Shoppers,True,False
CUST000024,Emma,Weber,customer24@email.com,18,M,Hannover,2018-08-08,Young Adults,False,False
CUST000025,Klara,Becker,customer25@email.com,26,F,Nürnberg,2022-07-05,Prime Shoppers,True,True
CUST000026,Max,Bauer,customer26@email.com,36,M,Bochum,2019-10-19,Prime Shoppers,False,True
CUST000027,Maria,Meyer,customer27@email.com,18,F,Wiesbaden,2023-05-30,Young Adults,False,True
CUST000028,Maria,Weber,customer28@email.com,40,F,Dresden,2019-10-30,Mature Customers,True,True
CUST000029,Tim,Schneider,customer29@email.com,25,Other,Gelsenkirchen,2021-04-27,Prime Shoppers,True,False
CUST000030,Greta,Becker,customer30@email.com,30,F,Braunschweig,2023-04-16,Prime Shoppers,True,False
CUST000031,Paul,Schneider,customer31@email.com,25,Other,Leipzig,2021-10-10,Prime Shoppers,True,True
CUST000032,Emma,Bauer,customer32@email.com,62,F,Mönchengladbach,2021-09-10,Senior Shoppers,False,True
CUST000033,Max,Becker,customer33@email.com,34,Other,Hannover,2020-07-08,Prime Shoppers,False,True
CUST000034,Leon,Bauer,customer34@email.com,19,Other,Münster,2022-06-08,Young Adults,True,True
CUST000035,Hans,Koch,customer35@email.com,47,Other,Dresden,2022-04-24,Mature Customers,True,True
CUST000036,Maria,Meyer,customer36@email.com,18,F,Köln,2021-02-27,Young Adults,True,True
CUST000037,Hans,Schulz,customer37@email.com,38,Other,Wuppertal,2019-06-14,Prime Shoppers,True,False
CUST000038,Maria,Becker,customer38@email.com,18,Other,Bonn,2020-02-06,Young Adults,True,True
CUST000039,Paul,Schmidt,customer39@email.com,18,F,Nürnberg,2018-02-20,Young Adults,True,True
CUST000040,Emma,Meyer,customer40@email.com,37,F,Bremen,2022-08-30,Prime Shoppers,False,True
CUST000041,Paul,Meyer,customer41@email.com,46,F,Köln,2020-12-03,Mature Customers,False,False
CUST000042,Clara,Weber,customer42@email.com,37,M,Mönchengladbach,2019-10-16,Prime Shoppers,True,True
CUST000043,Klara,Koch,customer43@email.com,33,M,Mannheim,2022-10-06,Prime Shoppers,True,True
CUST000044,Felix,Schulz,customer44@email.com,30,M,Bremen,2020-11-22,Prime Shoppers,False,False
CUST000045,Maria,Koch,customer45@email.com,18,M,Stuttgart,2019-04-20,Young Adults,False,False
CUST000046,Max,Fischer,customer46@email.com,24,F,Bonn,2018-03-01,Young Adults,False,False
CUST000047,Greta,Fischer,customer47@email.com,28,F,Gelsenkirchen,2018-01-10,Prime Shoppers,True,True
CUST000048,Tim,Schneider,customer48@email.com,50,F,Bremen,2022-06-26,Mature Customers,True,False
CUST000049,Ida,Koch,customer49@email.com,40,F,Wuppertal,2018-08-22,Mature Customers,False,False
CUST000050,Maria,Hoffmann,customer50@email.com,18,M,Dresden,2021-06-05,Young Adults,False,False
CUST000051,Felix,Koch,customer51@email.com,39,Other,Mönchengladbach,2021-06-18,Prime Shoppers,False,True
CUST000052,Emma,Meyer,customer52@email.com,29,M,Dortmund,2021-10-08,Prime Shoppers,False,True
CUST000053,Leon,Bauer,customer53@email.com,24,M,Wuppertal,2019-01-10,Young Adults,False,False
CUST000054,Emma,Hoffmann,customer54@email.com,44,F,Nürnberg,2021-05-06,Mature Customers,True,False
CUST000055,Tim,Bauer,customer55@email.com,50,Other,Aachen,2021-07-25,Mature Customers,True,True
CUST000056,Jonas,Schneider,customer56@email.com,48,M,Bremen,2020-09-29,Mature Customers,False,True
CUST000057,Leon,Müller,customer57@email.com,22,F,Frankfurt,2022-11-08,Young Adults,True,False
CUST000058,Tim,Schulz,customer58@email.com,30,Other,Bochum,2023-05-28,Prime Shoppers,False,False
CUST000059,Olivia,Becker,customer59@email.com,39,M,München,2020-05-01,Prime Shoppers,True,True
CUST000060,Ben,Weber,customer60@email.com,49,M,Bielefeld,2019-08-22,Mature Customers,False,True
CUST000061,Olivia,Hoffmann,customer61@email.com,27,Other,Gelsenkirchen,2022-05-18,Prime Shoppers,False,True
CUST000062,David,Weber,customer62@email.com,32,Other,Braunschweig,2021-03-18,Prime Shoppers,False,True
CUST000063,Olivia,Schulz,customer63@email.com,18,M,Nürnberg,2022-04-06,Young Adults,True,True
CUST000064,Ben,Becker,customer64@email.com,18,F,Dresden,2019-09-02,Young Adults,True,False
CUST000065,David,Fischer,customer65@email.com,47,M,Mönchengladbach,2022-11-08,Mature Customers,False,False
CUST000066,Max,Schneider,customer66@email.com,55,M,Braunschweig,2018-12-06,Mature Customers,True,True
CUST000067,Leon,Schulz,customer67@email.com,33,F,Münster,2021-03-13,Prime Shoppers,True,True
CUST000068,Jonas,Weber,customer68@email.com,50,Other,Essen,2021-12-12,Mature Customers,True,True
CUST000069,Noah,Müller,customer69@email.com,40,F,Chemnitz,2023-05-26,Mature Customers,True,True
CUST000070,Emma,Bauer,customer70@email.com,25,F,Braunschweig,2019-05-27,Prime Shoppers,True,False
CUST000071,Emma,Hoffmann,customer71@email.com,40,Other,Essen,2020-09-29,Mature Customers,False,False
CUST000072,Clara,Koch,customer72@email.com,58,M,Hannover,2020-07-14,Mature Customers,False,True
CUST000073,Paul,Meyer,customer73@email.com,34,Other,Berlin,2020-07-20,Prime Shoppers,True,False
CUST000074,Leon,Schmidt,customer74@email.com,58,Other,Hannover,2021-07-24,Mature Customers,True,False
CUST000075,Greta,Becker,customer75@email.com,18,F,Bremen,2022-08-17,Young Adults,False,True
CUST000076,Laura,Schneider,customer76@email.com,47,Other,Chemnitz,2021-01-25,Mature Customers,False,True
CUST000077,Ben,Müller,customer77@email.com,36,M,Karlsruhe,2023-01-06,Prime Shoppers,False,True
CUST000078,Felix,Becker,customer78@email.com,30,F,Berlin,2018-09-12,Prime Shoppers,False,True
CUST000079,Emma,Koch,customer79@email.com,36,F,Stuttgart,2021-11-11,Prime Shoppers,False,True
CUST000080,Leon,Weber,customer80@email.com,18,M,Dresden,2021-09-02,Young Adults,True,True
CUST000081,Jonas,Bauer,customer81@email.com,31,Other,Gelsenkirchen,2020-03-22,Prime Shoppers,True,False
CUST000082,Clara,Bauer,customer82@email.com,40,M,Berlin,2021-09-04,Mature Customers,True,False
CUST000083,Emma,Hoffmann,customer83@email.com,57,M,Wuppertal,2018-06-09,Mature Customers,False,True
CUST000084,Klara,Schmidt,customer84@email.com,27,F,Augsburg,2018-01-17,Prime Shoppers,True,False
CUST000085,Hans,Wagner,customer85@email.com,22,M,Wiesbaden,2018-05-26,Young Adults,True,True
CUST000086,Leon,Weber,customer86@email.com,27,M,Hannover,2019-10-04,Prime Shoppers,True,True
CUST000087,Sophie,Hoffmann,customer87@email.com,48,M,Münster,2018-05-21,Mature Customers,True,False
CUST000088,Greta,Koch,customer88@email.com,39,Other,Frankfurt,2019-12-21,Prime Shoppers,False,False
CUST000089,Greta,Schmidt,customer89@email.com,27,M,Frankfurt,2022-10-28,Prime Shoppers,True,False
CUST000090,Noah,Meyer,customer90@email.com,42,M,Dortmund,2019-12-21,Mature Customers,False,True
CUST000091,Tim,Hoffmann,customer91@email.com,36,Other,Wiesbaden,2019-05-24,Prime Shoppers,False,True
CUST000092,Jonas,Fischer,customer92@email.com,49,Other,Münster,2022-10-03,Mature Customers,True,False
CUST000093,Ben,Fischer,customer93@email.com,24,F,Hannover,2019-08-29,Young Adults,True,True
CUST000094,Max,Schmidt,customer94@email.com,30,Other,Kiel,2020-10-20,Prime Shoppers,True,True
CUST000095,Klara,Schneider,customer95@email.com,29,F,Chemnitz,2023-03-28,Prime Shoppers,False,True
CUST000096,Felix,Becker,customer96@email.com,18,M,Berlin,2021-01-23,Young Adults,True,True
CUST000097,Greta,Müller,customer97@email.com,39,M,Mönchengladbach,2019-06-21,Prime Shoppers,False,True
CUST000098,Sophie,Wagner,customer98@email.com,38,F,Augsburg,2021-07-11,Prime Shoppers,False,True
CUST000099,Tim,Schulz,customer99@email.com,35,Other,Frankfurt,2021-08-04,Prime Shoppers,False,True
CUST000100,Clara,Schulz,customer100@email.com,31,M,Mönchengladbach,2019-09-27,Prime Shoppers,True,True
CUST000101,Laura,Koch,customer101@email.com,18,Other,Mannheim,2020-03-11,Young Adults,True,True
CUST000102,Noah,Bauer,customer102@email.com,28,M,Hamburg,2021-12-01,Prime Shoppers,True,True
CUST000103,Noah,Schmidt,customer103@email.com,29,F,Münster,2023-03-09,Prime Shoppers,True,True
CUST000104,Felix,Schmidt,customer104@email.com,22,M,Augsburg,2021-09-26,Young Adults,True,True
CUST000105,Paul,Meyer,customer105@email.com,32,Other,Wuppertal,2018-12-02,Prime Shoppers,False,True
CUST000106,Emma,Bauer,customer106@email.com,41,F,Wiesbaden,2020-02-01,Mature Customers,True,True
CUST000107,Noah,Weber,customer107@email.com,63,Other,München,2019-11-18,Senior Shoppers,False,True
CUST000108,Olivia,Schulz,customer108@email.com,37,F,Hamburg,2020-10-13,Prime Shoppers,False,True
CUST000109,Felix,Weber,customer109@email.com,38,M,Kiel,2020-01-24,Prime Shoppers,True,True
CUST000110,Sophie,Müller,customer110@email.com,33,M,Chemnitz,2022-02-26,Prime Shoppers,True,True
CUST000111,Paul,Meyer,customer111@email.com,18,F,Aachen,2018-04-05,Young Adults,True,True
CUST000112,Ben,Schulz,customer112@email.com,34,Other,Wiesbaden,2023-03-23,Prime Shoppers,False,True
CUST000113,Hans,Wagner,customer113@email.com,35,Other,Bremen,2019-10-22,Prime Shoppers,False,True
CUST000114,Leon,Schmidt,customer114@email.com,71,Other,Mannheim,2021-03-16,Senior Shoppers,True,True
CUST000115,Sophie,Müller,customer115@email.com,32,F,München,2019-04-03,Prime Shoppers,False,True
CUST000116,Jonas,Meyer,customer116@email.com,39,M,Bielefeld,2022-05-04,Prime Shoppers,False,True
CUST000117,Greta,Weber,customer117@email.com,34,Other,Mönchengladbach,2020-01-26,Prime Shoppers,False,True
CUST000118,Leon,Hoffmann,customer118@email.com,18,F,Gelsenkirchen,2020-08-08,Young Adults,True,True
CUST000119,Anna,Wagner,customer119@email.com,52,M,Dortmund,2018-11-05,Mature Customers,False,True
CUST000120,Klara,Müller,customer120@email.com,46,Other,Hannover,2023-05-02,Mature Customers,False,True
CUST000121,Sophie,Fischer,customer121@email.com,46,F,Bochum,2019-02-25,Mature Customers,True,True
CUST000122,Ida,Schmidt,customer122@email.com,21,M,Aachen,2021-12-28,Young Adults,True,False
CUST000123,Leon,Becker,customer123@email.com,56,Other,München,2021-12-06,Mature Customers,True,True
CUST000124,Maria,Schmidt,customer124@email.com,18,Other,Bonn,2021-07-29,Young Adults,True,False
CUST000125,Emma,Fischer,customer125@email.com,43,F,Essen,2021-09-18,Mature Customers,False,False
CUST000126,Klara,Meyer,customer126@email.com,67,F,Essen,2021-12-06,Senior Shoppers,True,True
CUST000127,Greta,Schneider,customer127@email.com,20,Other,Köln,2023-04-17,Young Adults,True,True
CUST000128,Olivia,Becker,customer128@email.com,26,F,Nürnberg,2018-12-03,Prime Shoppers,True,True
CUST000129,Greta,Becker,customer129@email.com,36,F,Duisburg,2023-05-30,Prime Shoppers,False,True
CUST000130,Felix,Koch,customer130@email.com,27,F,Braunschweig,2018-07-05,Prime Shoppers,True,True
CUST000131,Klara,Schneider,customer131@email.com,18,M,Augsburg,2022-09-08,Young Adults,True,True
CUST000132,Sophie,Müller,customer132@email.com,36,Other,Leipzig,2020-03-22,Prime Shoppers,False,True
CUST000133,Maria,Becker,customer133@email.com,19,Other,Wiesbaden,2018-03-05,Young Adults,True,True
CUST000134,David,Schneider,customer134@email.com,42,M,Berlin,2020-08-04,Mature Customers,True,True
CUST000135,Greta,Wagner,customer135@email.com,21,F,Mannheim,2018-09-25,Young Adults,True,True
CUST000136,Clara,Müller,customer136@email.com,58,M,Düsseldorf,2023-02-22,Mature Customers,False,True
CUST000137,Klara,Schmidt,customer137@email.com,23,M,Duisburg,2018-07-08,Young Adults,True,True
CUST000138,Laura,Wagner,customer138@email.com,30,Other,Hannover,2023-03-08,Prime Shoppers,False,True
CUST000139,Noah,Schneider,customer139@email.com,47,F,Düsseldorf,2020-02-23,Mature Customers,True,True
CUST000140,Olivia,Schneider,customer140@email.com,18,M,Münster,2019-07-28,Young Adults,True,True
CUST000141,Noah,Schulz,customer141@email.com,38,F,Hamburg,2020-10-18,Prime Shoppers,True,True
CUST000142,Emma,Wagner,customer142@email.com,54,M,Karlsruhe,2020-02-24,Mature Customers,True,True
CUST000143,Leon,Becker,customer143@email.com,18,Other,Mönchengladbach,2020-02-23,Young Adults,False,True
CUST000144,Laura,Schulz,customer144@email.com,37,F,Hannover,2023-02-13,Prime Shoppers,False,True
CUST000145,Klara,Hoffmann,customer145@email.com,38,M,Berlin,2018-02-23,Prime Shoppers,False,True
CUST000146,Paul,Schulz,customer146@email.com,46,F,Gelsenkirchen,2022-07-15,Mature Customers,True,True
CUST000147,Hans,Koch,customer147@email.com,18,M,Essen,2018-07-25,Young Adults,True,True
CUST000148,Maria,Meyer,customer148@email.com,18,M,Stuttgart,2021-03-25,Young Adults,True,True
CUST000149,Leon,Hoffmann,customer149@email.com,42,M,Augsburg,2022-07-10,Mature Customers,False,True
CUST000150,Greta,Becker,customer150@email.com,39,Other,Leipzig,2021-02-27,Prime Shoppers,True,False
CUST000151,Clara,Müller,customer151@email.com,38,M,Münster,2018-03-19,Prime Shoppers,True,True
CUST000152,Paul,Müller,customer152@email.com,40,F,Aachen,2020-12-14,Mature Customers,True,True
CUST000153,Felix,Meyer,customer153@email.com,24,M,Berlin,2019-11-29,Young Adults,True,True
CUST000154,David,Schulz,customer154@email.com,38,F,München,2022-05-05,Prime Shoppers,False,False
CUST000155,David,Meyer,customer155@email.com,39,F,Bremen,2021-04-15,Prime Shoppers,True,True
CUST000156,Noah,Koch,customer156@email.com,24,F,Karlsruhe,2022-02-08,Young Adults,False,True
CUST000157,Tim,Bauer,customer157@email.com,62,Other,Mönchengladbach,2021-12-19,Senior Shoppers,False,True
CUST000158,Laura,Schneider,customer158@email.com,42,F,Leipzig,2021-09-25,Mature Customers,False,True
CUST000159,Anna,Bauer,customer159@email.com,18,Other,Hannover,2018-12-30,Young Adults,True,True
CUST000160,Klara,Hoffmann,customer160@email.com,44,M,Karlsruhe,2021-05-18,Mature Customers,True,False
CUST000161,Klara,Bauer,customer161@email.com,20,M,Dortmund,2018-10-16,Young Adults,False,True
CUST000162,Clara,Bauer,customer162@email.com,46,Other,Karlsruhe,2018-12-10,Mature Customers,False,False
CUST000163,Ida,Fischer,customer163@email.com,52,M,Augsburg,2018-01-24,Mature Customers,True,True
CUST000164,David,Bauer,customer164@email.com,22,M,Hamburg,2019-06-10,Young Adults,False,False
CUST000165,Noah,Schneider,customer165@email.com,49,F,Bochum,2022-02-09,Mature Customers,False,True
CUST000166,Maria,Schmidt,customer166@email.com,41,F,Mönchengladbach,2021-01-23,Mature Customers,True,True
CUST000167,Clara,Müller,customer167@email.com,47,F,Berlin,2020-07-13,Mature Customers,False,True
CUST000168,David,Schmidt,customer168@email.com,63,F,Stuttgart,2023-05-04,Senior Shoppers,False,True
CUST000169,Clara,Schulz,customer169@email.com,31,M,Bremen,2022-02-08,Prime Shoppers,False,True
CUST000170,Felix,Hoffmann,customer170@email.com,23,F,Stuttgart,2020-06-02,Young Adults,True,True
CUST000171,Greta,Fischer,customer171@email.com,21,F,Augsburg,2019-11-10,Young Adults,False,True
CUST000172,Hans,Schmidt,customer172@email.com,22,M,Hannover,2019-09-02,Young Adults,False,True
CUST000173,Leon,Müller,customer173@email.com,33,F,München,2018-04-22,Prime Shoppers,False,False
CUST000174,David,Müller,customer174@email.com,40,M,Stuttgart,2019-02-13,Mature Customers,False,True
CUST000175,David,Weber,customer175@email.com,39,F,Bochum,2020-08-27,Prime Shoppers,False,True
CUST000176,Tim,Wagner,customer176@email.com,47,M,Dresden,2018-07-06,Mature Customers,False,True
CUST000177,Olivia,Müller,customer177@email.com,35,F,Duisburg,2019-01-18,Prime Shoppers,False,True
CUST000178,Ida,Hoffmann,customer178@email.com,56,M,Frankfurt,2019-04-09,Mature Customers,True,True
CUST000179,Leon,Schulz,customer179@email.com,31,F,Gelsenkirchen,2021-09-30,Prime Shoppers,True,True
CUST000180,Maria,Schulz,customer180@email.com,75,F,Bielefeld,2022-09-18,Senior Shoppers,False,True
CUST000181,Jonas,Schmidt,customer181@email.com,44,F,Kiel,2020-09-02,Mature Customers,True,True
CUST000182,Olivia,Schneider,customer182@email.com,22,M,Düsseldorf,2018-09-04,Young Adults,True,True
CUST000183,Noah,Schmidt,customer183@email.com,18,Other,Nürnberg,2018-03-29,Young Adults,True,True
CUST000184,Max,Weber,customer184@email.com,42,F,Aachen,2022-09-05,Mature Customers,True,True
CUST000185,Tim,Wagner,customer185@email.com,31,Other,Bremen,2020-03-05,Prime Shoppers,False,False
CUST000186,Anna,Bauer,customer186@email.com,45,Other,Bonn,2023-02-22,Mature Customers,False,True
CUST000187,Emma,Schneider,customer187@email.com,42,Other,Bonn,2020-04-28,Mature Customers,True,True
CUST000188,David,Weber,customer188@email.com,33,Other,Kiel,2021-02-26,Prime Shoppers,False,False
CUST000189,Maria,Koch,customer189@email.com,22,F,Bonn,2019-06-25,Young Adults,False,True
CUST000190,Ida,Wagner,customer190@email.com,18,M,Münster,2018-12-19,Young Adults,False,True
CUST000191,Klara,Bauer,customer191@email.com,28,M,Hamburg,2020-03-21,Prime Shoppers,False,True
CUST000192,Leon,Müller,customer192@email.com,47,F,Braunschweig,2023-01-12,Mature Customers,False,True
CUST000193,Paul,Bauer,customer193@email.com,38,Other,Köln,2019-07-29,Prime Shoppers,True,True
CUST000194,Olivia,Meyer,customer194@email.com,18,F,Wiesbaden,2019-09-08,Young Adults,False,True
CUST000195,Olivia,Fischer,customer195@email.com,37,F,Wiesbaden,2019-01-20,Prime Shoppers,False,True
CUST000196,Ben,Schulz,customer196@email.com,40,M,München,2022-08-09,Mature Customers,False,False
CUST000197,Sophie,Hoffmann,customer197@email.com,21,M,Stuttgart,2018-10-05,Young Adults,True,True
CUST000198,Ben,Fischer,customer198@email.com,37,M,Duisburg,2022-09-11,Prime Shoppers,True,True
CUST000199,Greta,Weber,customer199@email.com,35,F,Braunschweig,2021-12-14,Prime Shoppers,False,False
CUST000200,David,Koch,customer200@email.com,18,M,Dortmund,2021-07-25,Young Adults,False,False
CUST000201,Olivia,Schneider,customer201@email.com,40,F,Bonn,2021-05-01,Mature Customers,False,True
CUST000202,Ida,Bauer,customer202@email.com,43,Other,München,2018-12-01,Mature Customers,False,True
CUST000203,Ben,Schneider,customer203@email.com,51,Other,Gelsenkirchen,2020-03-02,Mature Customers,True,True
CUST000204,Hans,Koch,customer204@email.com,50,M,Essen,2021-08-18,Mature Customers,False,True
CUST000205,Anna,Becker,customer205@email.com,18,M,Karlsruhe,2022-11-06,Young Adults,True,True
CUST000206,Ida,Hoffmann,customer206@email.com,20,F,Augsburg,2019-04-04,Young Adults,False,False
CUST000207,Maria,Meyer,customer207@email.com,42,F,Essen,2023-01-08,Mature Customers,True,False
CUST000208,Sophie,Hoffmann,customer208@email.com,42,F,Bonn,2019-09-11,Mature Customers,True,True
CUST000209,Leon,Schulz,customer209@email.com,42,Other,Münster,2020-11-13,Mature Customers,False,True
CUST000210,David,Becker,customer210@email.com,75,M,Bremen,2021-11-02,Senior Shoppers,False,True
CUST000211,Ida,Weber,customer211@email.com,43,Other,Augsburg,2022-10-31,Mature Customers,False,True
CUST000212,Sophie,Fischer,customer212@email.com,52,M,Mönchengladbach,2018-11-04,Mature Customers,False,True
CUST000213,Emma,Bauer,customer213@email.com,49,M,Karlsruhe,2021-10-26,Mature Customers,False,True
CUST000214,Noah,Wagner,customer214@email.com,44,F,Wiesbaden,2019-06-16,Mature Customers,True,True
CUST000215,Hans,Koch,customer215@email.com,30,Other,Karlsruhe,2019-12-04,Prime Shoppers,False,True
CUST000216,Jonas,Schneider,customer216@email.com,46,Other,Kiel,2020-11-04,Mature Customers,True,True
CUST000217,Paul,Schneider,customer217@email.com,23,Other,Essen,2018-07-19,Young Adults,True,True
CUST000218,Clara,Fischer,customer218@email.com,31,F,Dortmund,2021-09-02,Prime Shoppers,False,False
CUST000219,Klara,Meyer,customer219@email.com,27,F,Bonn,2022-06-03,Prime Shoppers,False,False
CUST000220,David,Becker,customer220@email.com,36,M,Chemnitz,2022-10-10,Prime Shoppers,True,False
CUST000221,Greta,Schulz,customer221@email.com,69,M,Chemnitz,2022-12-27,Senior Shoppers,False,True
CUST000222,Ben,Schneider,customer222@email.com,18,M,Düsseldorf,2020-04-26,Young Adults,False,False
CUST000223,Olivia,Schneider,customer223@email.com,45,F,Chemnitz,2021-03-12,Mature Customers,True,True
CUST000224,Klara,Koch,customer224@email.com,18,M,Bremen,2020-09-25,Young Adults,True,True
CUST000225,Ida,Fischer,customer225@email.com,27,M,Bonn,2020-07-14,Prime Shoppers,True,False
CUST000226,Clara,Schneider,customer226@email.com,51,Other,Nürnberg,2022-05-28,Mature Customers,False,False
CUST000227,Paul,Wagner,customer227@email.com,35,M,Hamburg,2020-05-28,Prime Shoppers,True,True
CUST000228,Anna,Meyer,customer228@email.com,18,Other,Düsseldorf,2023-04-30,Young Adults,True,True
CUST000229,Hans,Fischer,customer229@email.com,24,Other,Kiel,2021-07-07,Young Adults,False,True
CUST000230,David,Wagner,customer230@email.com,45,Other,Bonn,2018-09-22,Mature Customers,False,True
CUST000231,Ben,Weber,customer231@email.com,24,F,Duisburg,2018-05-14,Young Adults,False,False
CUST000232,Emma,Meyer,customer232@email.com,38,F,Dresden,2022-12-24,Prime Shoppers,True,True
CUST000233,Maria,Müller,customer233@email.com,35,M,Dortmund,2023-04-26,Prime Shoppers,True,True
CUST000234,Anna,Hoffmann,customer234@email.com,25,Other,Stuttgart,2022-02-12,Prime Shoppers,True,True
CUST000235,Ben,Wagner,customer235@email.com,67,Other,Essen,2021-12-27,Senior Shoppers,True,True
CUST000236,David,Koch,customer236@email.com,44,M,Hamburg,2021-09-17,Mature Customers,True,False
CUST000237,Maria,Schmidt,customer237@email.com,18,Other,Essen,2020-06-28,Young Adults,False,True
CUST000238,Anna,Weber,customer238@email.com,37,F,Mannheim,2019-02-25,Prime Shoppers,True,True
CUST000239,Max,Bauer,customer239@email.com,25,M,Nürnberg,2021-06-29,Prime Shoppers,True,True
CUST000240,David,Schmidt,customer240@email.com,47,F,Düsseldorf,2019-08-02,Mature Customers,True,True
CUST000241,Sophie,Fischer,customer241@email.com,23,F,Augsburg,2022-08-30,Young Adults,False,True
CUST000242,Ben,Schulz,customer242@email.com,33,F,Aachen,2018-11-25,Prime Shoppers,True,False
CUST000243,Hans,Müller,customer243@email.com,42,M,Mannheim,2019-11-09,Mature Customers,True,True
CUST000244,Laura,Koch,customer244@email.com,47,F,Frankfurt,2022-09-07,Mature Customers,True,True
CUST000245,David,Weber,customer245@email.com,18,Other,Dortmund,2022-01-21,Young Adults,False,True
CUST000246,Olivia,Müller,customer246@email.com,29,M,Braunschweig,2019-06-25,Prime Shoppers,True,True
CUST000247,Jonas,Meyer,customer247@email.com,27,Other,Bremen,2022-10-12,Prime Shoppers,False,True
CUST000248,Ben,Müller,customer248@email.com,25,M,Mannheim,2018-07-14,Prime Shoppers,True,True
CUST000249,Olivia,Hoffmann,customer249@email.com,61,F,Kiel,2020-01-03,Senior Shoppers,True,True
CUST000250,Klara,Schneider,customer250@email.com,41,M,Hannover,2022-07-28,Mature Customers,False,False
CUST000251,Maria,Bauer,customer251@email.com,18,F,Mönchengladbach,2019-07-11,Young Adults,False,True
CUST000252,Emma,Bauer,customer252@email.com,48,Other,Hamburg,2018-08-20,Mature Customers,True,True
CUST000253,Laura,Becker,customer253@email.com,66,Other,Mannheim,2020-05-02,Senior Shoppers,False,True
CUST000254,Maria,Meyer,customer254@email.com,50,Other,Berlin,2021-06-05,Mature Customers,True,False
CUST000255,Paul,Schmidt,customer255@email.com,18,F,Duisburg,2023-02-28,Young Adults,True,True
CUST000256,Klara,Müller,customer256@email.com,27,Other,Chemnitz,2019-06-20,Prime Shoppers,True,True
CUST000257,Sophie,Bauer,customer257@email.com,54,Other,Münster,2020-11-29,Mature Customers,True,False
CUST000258,Hans,Becker,customer258@email.com,24,F,Mannheim,2021-09-17,Young Adults,False,True
CUST000259,Tim,Hoffmann,customer259@email.com,41,M,Berlin,2022-09-15,Mature Customers,True,False
CUST000260,Paul,Schneider,customer260@email.com,46,M,Gelsenkirchen,2022-10-11,Mature Customers,False,True
CUST000261,Klara,Weber,customer261@email.com,21,M,Wuppertal,2019-05-09,Young Adults,True,False
CUST000262,Hans,Schmidt,customer262@email.com,34,F,Duisburg,2020-04-05,Prime Shoppers,False,True
CUST000263,Paul,Becker,customer263@email.com,18,F,Köln,2022-10-21,Young Adults,False,True
CUST000264,Maria,Wagner,customer264@email.com,19,M,Bielefeld,2018-07-30,Young Adults,True,True
CUST000265,Max,Hoffmann,customer265@email.com,31,Other,Leipzig,2022-06-10,Prime Shoppers,True,False
CUST000266,Klara,Meyer,customer266@email.com,18,M,Braunschweig,2023-05-01,Young Adults,True,False
CUST000267,Tim,Hoffmann,customer267@email.com,59,Other,Bochum,2019-11-11,Mature Customers,False,False
CUST000268,David,Koch,customer268@email.com,18,M,Berlin,2018-08-22,Young Adults,False,True
CUST000269,Jonas,Schulz,customer269@email.com,28,Other,Dresden,2022-08-27,Prime Shoppers,True,True
CUST000270,Felix,Becker,customer270@email.com,36,M,Braunschweig,2023-01-11,Prime Shoppers,False,True
CUST000271,Max,Fischer,customer271@email.com,56,M,Köln,2019-06-05,Mature Customers,False,True
CUST000272,Greta,Bauer,customer272@email.com,18,F,Köln,2020-07-25,Young Adults,False,True
CUST000273,Laura,Schmidt,customer273@email.com,52,F,Duisburg,2023-03-13,Mature Customers,True,False
CUST000274,Sophie,Bauer,customer274@email.com,35,M,Bielefeld,2018-01-09,Prime Shoppers,False,False
CUST000275,Sophie,Schneider,customer275@email.com,20,Other,Bonn,2023-03-09,Young Adults,True,True
CUST000276,Maria,Koch,customer276@email.com,41,Other,Münster,2018-08-01,Mature Customers,False,False
CUST000277,Max,Bauer,customer277@email.com,37,M,Essen,2020-05-07,Prime Shoppers,False,True
CUST000278,Jonas,Becker,customer278@email.com,25,M,Frankfurt,2023-06-11,Prime Shoppers,False,True
CUST000279,Tim,Meyer,customer279@email.com,36,Other,Wiesbaden,2022-09-23,Prime Shoppers,True,True
CUST000280,Max,Bauer,customer280@email.com,29,F,Mannheim,2019-03-06,Prime Shoppers,False,True
CUST000281,Felix,Schulz,customer281@email.com,36,Other,Augsburg,2021-12-25,Prime Shoppers,False,True
CUST000282,Leon,Schulz,customer282@email.com,44,F,Bonn,2022-04-08,Mature Customers,False,True
CUST000283,Noah,Müller,customer283@email.com,58,Other,Köln,2022-12-03,Mature Customers,True,False
CUST000284,Ben,Koch,customer284@email.com,18,M,Düsseldorf,2018-10-25,Young Adults,False,True
CUST000285,Ida,Schneider,customer285@email.com,66,M,Augsburg,2019-08-10,Senior Shoppers,False,True
CUST000286,Tim,Müller,customer286@email.com,18,F,Braunschweig,2022-03-24,Young Adults,False,True
CUST000287,Tim,Fischer,customer287@email.com,32,Other,Karlsruhe,2021-06-15,Prime Shoppers,False,True
CUST000288,Jonas,Bauer,customer288@email.com,43,Other,Hamburg,2020-11-12,Mature Customers,False,False
CUST000289,Klara,Schulz,customer289@email.com,39,M,Berlin,2020-05-03,Prime Shoppers,False,True
CUST000290,Olivia,Fischer,customer290@email.com,25,Other,Augsburg,2021-06-24,Prime Shoppers,False,True
CUST000291,Greta,Weber,customer291@email.com,31,F,Stuttgart,2022-05-09,Prime Shoppers,True,True
CUST000292,Felix,Bauer,customer292@email.com,27,Other,Köln,2023-05-26,Prime Shoppers,False,True
CUST000293,Ida,Schulz,customer293@email.com,26,F,Frankfurt,2020-05-27,Prime Shoppers,True,True
CUST000294,Klara,Becker,customer294@email.com,47,Other,Aachen,2018-01-12,Mature Customers,True,True
CUST000295,Klara,Hoffmann,customer295@email.com,40,M,Gelsenkirchen,2018-11-11,Mature Customers,False,False
CUST000296,Laura,Schulz,customer296@email.com,24,F,München,2022-06-06,Young Adults,False,True
CUST000297,Felix,Schulz,customer297@email.com,48,M,Mönchengladbach,2023-05-14,Mature Customers,True,False
CUST000298,Tim,Wagner,customer298@email.com,39,M,Dresden,2021-01-17,Prime Shoppers,True,True
CUST000299,Klara,Meyer,customer299@email.com,47,F,Leipzig,2021-09-20,Mature Customers,True,False
CUST000300,Anna,Schmidt,customer300@email.com,44,Other,Dresden,2021-02-23,Mature Customers,False,True
CUST000301,Max,Hoffmann,customer301@email.com,22,M,Hamburg,2023-01-27,Young Adults,False,False
CUST000302,David,Wagner,customer302@email.com,26,F,Bielefeld,2023-02-19,Prime Shoppers,False,True
CUST000303,Sophie,Meyer,customer303@email.com,46,Other,Mönchengladbach,2023-02-10,Mature Customers,False,False
CUST000304,Jonas,Koch,customer304@email.com,44,M,Bremen,2018-03-31,Mature Customers,True,True
CUST000305,Tim,Schulz,customer305@email.com,34,M,Karlsruhe,2018-12-09,Prime Shoppers,True,True
CUST000306,Greta,Koch,customer306@email.com,36,F,Braunschweig,2021-10-04,Prime Shoppers,True,True
CUST000307,Noah,Koch,customer307@email.com,54,M,Wiesbaden,2021-01-06,Mature Customers,True,True
CUST000308,Klara,Müller,customer308@email.com,26,M,München,2020-07-29,Prime Shoppers,True,True
CUST000309,Ida,Schulz,customer309@email.com,43,M,Bonn,2022-06-15,Mature Customers,True,True
CUST000310,Maria,Becker,customer310@email.com,31,Other,Hannover,2020-04-14,Prime Shoppers,False,True
CUST000311,Maria,Koch,customer311@email.com,31,M,Bielefeld,2018-02-04,Prime Shoppers,True,True
CUST000312,Laura,Müller,customer312@email.com,51,Other,Chemnitz,2022-03-29,Mature Customers,True,True
CUST000313,Sophie,Schmidt,customer313@email.com,47,F,Mönchengladbach,2023-03-16,Mature Customers,False,True
CUST000314,Olivia,Wagner,customer314@email.com,47,F,Braunschweig,2019-07-31,Mature Customers,True,False
CUST000315,Tim,Fischer,customer315@email.com,54,M,Wiesbaden,2018-11-17,Mature Customers,False,True
CUST000316,Emma,Weber,customer316@email.com,35,Other,Kiel,2023-05-21,Prime Shoppers,False,True
CUST000317,Tim,Schneider,customer317@email.com,45,M,Hamburg,2021-02-07,Mature Customers,True,False
CUST000318,Tim,Schmidt,customer318@email.com,30,F,Düsseldorf,2021-01-05,Prime Shoppers,False,True
CUST000319,Sophie,Schneider,customer319@email.com,39,M,Stuttgart,2020-04-25,Prime Shoppers,True,True
CUST000320,David,Schneider,customer320@email.com,33,Other,Mönchengladbach,2019-02-02,Prime Shoppers,True,False
CUST000321,Tim,Schmidt,customer321@email.com,36,F,Mannheim,2021-08-13,Prime Shoppers,True,True
CUST000322,Greta,Bauer,customer322@email.com,43,Other,Bochum,2018-07-21,Mature Customers,False,True
CUST000323,Hans,Schmidt,customer323@email.com,22,F,Münster,2018-09-20,Young Adults,True,True
CUST000324,Paul,Becker,customer324@email.com,66,F,Münster,2019-10-13,Senior Shoppers,False,True
CUST000325,Laura,Meyer,customer325@email.com,19,F,Nürnberg,2021-03-04,Young Adults,True,True
CUST000326,Hans,Fischer,customer326@email.com,18,Other,Wiesbaden,2019-10-04,Young Adults,False,True
CUST000327,Leon,Schneider,customer327@email.com,52,Other,Wiesbaden,2022-09-17,Mature Customers,False,False
CUST000328,Olivia,Meyer,customer328@email.com,46,F,Bochum,2020-08-05,Mature Customers,True,True
CUST000329,Max,Schmidt,customer329@email.com,44,F,Chemnitz,2021-08-15,Mature Customers,True,True
CUST000330,Clara,Bauer,customer330@email.com,44,M,Kiel,2019-06-24,Mature Customers,True,True
CUST000331,Laura,Hoffmann,customer331@email.com,34,F,Gelsenkirchen,2022-07-23,Prime Shoppers,True,True
CUST000332,Ida,Schulz,customer332@email.com,21,Other,Bochum,2021-02-03,Young Adults,True,True
CUST000333,Hans,Hoffmann,customer333@email.com,36,Other,Chemnitz,2020-03-14,Prime Shoppers,False,True
CUST000334,Sophie,Schulz,customer334@email.com,24,M,Hannover,2020-08-09,Young Adults,False,True
CUST000335,Hans,Hoffmann,customer335@email.com,49,Other,Stuttgart,2021-09-19,Mature Customers,True,False
CUST000336,Felix,Hoffmann,customer336@email.com,32,Other,Mannheim,2018-11-23,Prime Shoppers,True,False
CUST000337,Leon,Müller,customer337@email.com,22,M,Gelsenkirchen,2023-04-08,Young Adults,False,True
CUST000338,Ida,Meyer,customer338@email.com,30,M,Hamburg,2018-05-09,Prime Shoppers,True,True
CUST000339,Paul,Becker,customer339@email.com,41,M,Hamburg,2020-03-05,Mature Customers,False,True
CUST000340,Sophie,Koch,customer340@email.com,26,F,Braunschweig,2021-12-12,Prime Shoppers,False,True
CUST000341,Maria,Meyer,customer341@email.com,22,Other,Karlsruhe,2020-02-11,Young Adults,True,True
CUST000342,Hans,Schulz,customer342@email.com,38,F,Dresden,2020-02-10,Prime Shoppers,False,False
CUST000343,Paul,Hoffmann,customer343@email.com,38,M,Wuppertal,2022-06-12,Prime Shoppers,True,False
CUST000344,Hans,Schmidt,customer344@email.com,27,Other,Karlsruhe,2018-12-06,Prime Shoppers,False,True
CUST000345,Felix,Schneider,customer345@email.com,27,F,Münster,2018-11-04,Prime Shoppers,True,True
CUST000346,Klara,Bauer,customer346@email.com,38,M,Bochum,2020-04-29,Prime Shoppers,False,False
CUST000347,Laura,Schneider,customer347@email.com,18,Other,Braunschweig,2019-03-08,Young Adults,False,True
CUST000348,Ben,Schneider,customer348@email.com,18,Other,Bonn,2019-05-15,Young Adults,True,True
CUST000349,Sophie,Müller,customer349@email.com,24,Other,Frankfurt,2021-07-13,Young Adults,True,True
CUST000350,Felix,Schulz,customer350@email.com,31,F,Münster,2019-06-13,Prime Shoppers,True,True
CUST000351,Clara,Fischer,customer351@email.com,39,F,Münster,2023-04-24,Prime Shoppers,False,False
CUST000352,Hans,Wagner,customer352@email.com,57,Other,Frankfurt,2018-12-16,Mature Customers,True,True
CUST000353,Klara,Becker,customer353@email.com,47,Other,Bonn,2018-12-10,Mature Customers,True,True
CUST000354,Maria,Schneider,customer354@email.com,32,M,Berlin,2020-02-14,Prime Shoppers,True,False
CUST000355,Emma,Hoffmann,customer355@email.com,34,M,Stuttgart,2022-08-20,Prime Shoppers,False,True
CUST000356,Tim,Schulz,customer356@email.com,19,M,München,2022-12-03,Young Adults,False,True
CUST000357,Max,Schulz,customer357@email.com,34,M,Kiel,2023-01-22,Prime Shoppers,False,False
CUST000358,Ben,Bauer,customer358@email.com,30,Other,Nürnberg,2020-01-29,Prime Shoppers,True,False
CUST000359,Maria,Meyer,customer359@email.com,39,Other,Mönchengladbach,2022-06-06,Prime Shoppers,True,False
CUST000360,Ida,Becker,customer360@email.com,22,M,Aachen,2018-10-02,Young Adults,True,True
CUST000361,Tim,Wagner,customer361@email.com,42,F,Düsseldorf,2021-05-10,Mature Customers,True,True
CUST000362,Sophie,Schmidt,customer362@email.com,57,Other,Berlin,2021-03-29,Mature Customers,False,True
CUST000363,Klara,Wagner,customer363@email.com,33,F,Köln,2021-11-09,Prime Shoppers,True,False
CUST000364,Laura,Weber,customer364@email.com,41,F,Chemnitz,2021-08-27,Mature Customers,False,True
CUST000365,Ida,Koch,customer365@email.com,45,F,Gelsenkirchen,2021-06-07,Mature Customers,True,False
CUST000366,Tim,Becker,customer366@email.com,28,M,Dresden,2021-02-04,Prime Shoppers,False,True
CUST000367,Laura,Meyer,customer367@email.com,38,Other,Hannover,2019-09-21,Prime Shoppers,True,True
CUST000368,Hans,Becker,customer368@email.com,35,Other,Stuttgart,2022-03-12,Prime Shoppers,True,True
CUST000369,Maria,Meyer,customer369@email.com,36,Other,Münster,2020-11-07,Prime Shoppers,True,True
CUST000370,Anna,Schmidt,customer370@email.com,23,M,Bochum,2020-03-07,Young Adults,False,True
CUST000371,Ida,Fischer,customer371@email.com,35,F,München,2018-05-12,Prime Shoppers,True,False
CUST000372,Maria,Hoffmann,customer372@email.com,42,Other,Wuppertal,2023-03-22,Mature Customers,False,True
CUST000373,Felix,Koch,customer373@email.com,56,F,Duisburg,2023-04-21,Mature Customers,True,True
CUST000374,Sophie,Weber,customer374@email.com,49,M,Hamburg,2022-10-08,Mature Customers,True,True
CUST000375,Ben,Meyer,customer375@email.com,67,M,Karlsruhe,2021-10-12,Senior Shoppers,True,True
CUST000376,Ida,Wagner,customer376@email.com,23,F,Mannheim,2018-06-27,Young Adults,False,False
CUST000377,Greta,Schulz,customer377@email.com,48,M,Wiesbaden,2021-04-15,Mature Customers,True,True
CUST000378,Jonas,Bauer,customer378@email.com,37,Other,Aachen,2021-01-30,Prime Shoppers,False,True
CUST000379,Ida,Fischer,customer379@email.com,67,Other,Düsseldorf,2023-05-27,Senior Shoppers,False,False
CUST000380,Anna,Weber,customer380@email.com,22,M,Nürnberg,2021-03-23,Young Adults,True,True
CUST000381,Jonas,Meyer,customer381@email.com,22,M,Mönchengladbach,2020-10-27,Young Adults,False,True
CUST000382,Olivia,Wagner,customer382@email.com,26,Other,Bochum,2021-11-22,Prime Shoppers,True,True
CUST000383,Olivia,Koch,customer383@email.com,18,F,Kiel,2023-05-23,Young Adults,True,False
CUST000384,Ida,Schmidt,customer384@email.com,27,F,Karlsruhe,2018-08-27,Prime Shoppers,True,True
CUST000385,Klara,Wagner,customer385@email.com,23,F,Wuppertal,2022-06-27,Young Adults,True,True
CUST000386,Jonas,Schmidt,customer386@email.com,37,F,Mannheim,2019-05-24,Prime Shoppers,False,True
CUST000387,Felix,Becker,customer387@email.com,40,F,Dresden,2021-02-09,Mature Customers,True,True
CUST000388,Greta,Becker,customer388@email.com,63,Other,Düsseldorf,2019-01-10,Senior Shoppers,True,True
CUST000389,Ida,Fischer,customer389@email.com,49,M,Düsseldorf,2022-11-23,Mature Customers,True,True
CUST000390,David,Schmidt,customer390@email.com,26,M,Mannheim,2018-11-16,Prime Shoppers,False,True
CUST000391,Tim,Müller,customer391@email.com,21,F,Dresden,2022-04-15,Young Adults,False,False
CUST000392,Laura,Weber,customer392@email.com,42,F,Stuttgart,2023-01-14,Mature Customers,False,False
CUST000393,Laura,Schneider,customer393@email.com,18,M,Wuppertal,2019-03-31,Young Adults,False,False
CUST000394,Tim,Müller,customer394@email.com,62,Other,Dresden,2023-04-09,Senior Shoppers,False,True
CUST000395,David,Bauer,customer395@email.com,52,Other,Duisburg,2020-07-25,Mature Customers,False,True
CUST000396,Greta,Wagner,customer396@email.com,27,Other,Köln,2018-01-25,Prime Shoppers,False,True
CUST000397,Ida,Schneider,customer397@email.com,18,Other,Essen,2021-06-08,Young Adults,True,True
CUST000398,Max,Meyer,customer398@email.com,55,F,Stuttgart,2020-08-23,Mature Customers,False,False
CUST000399,Noah,Bauer,customer399@email.com,33,F,Dresden,2019-03-08,Prime Shoppers,False,True
CUST000400,Felix,Hoffmann,customer400@email.com,53,M,Bonn,2020-07-12,Mature Customers,True,True
CUST000401,Ida,Fischer,customer401@email.com,18,Other,Nürnberg,2022-01-16,Young Adults,False,True
CUST000402,Emma,Becker,customer402@email.com,26,M,Stuttgart,2018-10-26,Prime Shoppers,False,False
CUST000403,Sophie,Schulz,customer403@email.com,35,Other,Bremen,2018-10-03,Prime Shoppers,False,True
CUST000404,Tim,Hoffmann,customer404@email.com,35,M,Hannover,2019-05-29,Prime Shoppers,True,True
CUST000405,Greta,Weber,customer405@email.com,28,F,Braunschweig,2018-05-03,Prime Shoppers,True,False
CUST000406,Klara,Weber,customer406@email.com,44,F,Dresden,2022-03-05,Mature Customers,False,True
CUST000407,Noah,Schmidt,customer407@email.com,18,F,Chemnitz,2018-02-10,Young Adults,True,True
CUST000408,Jonas,Meyer,customer408@email.com,32,F,Mannheim,2022-05-18,Prime Shoppers,False,False
CUST000409,Clara,Wagner,customer409@email.com,36,Other,Leipzig,2022-12-27,Prime Shoppers,False,True
CUST000410,Felix,Koch,customer410@email.com,42,F,Nürnberg,2022-11-14,Mature Customers,False,True
CUST000411,Felix,Meyer,customer411@email.com,45,M,Bremen,2018-06-12,Mature Customers,False,True
CUST000412,Ida,Hoffmann,customer412@email.com,18,Other,Hannover,2021-12-25,Young Adults,False,False
CUST000413,Leon,Bauer,customer413@email.com,18,Other,Wuppertal,2022-05-19,Young Adults,False,False
CUST000414,Felix,Müller,customer414@email.com,54,M,Wiesbaden,2018-12-09,Mature Customers,True,True
CUST000415,Clara,Fischer,customer415@email.com,39,M,Hannover,2023-04-11,Prime Shoppers,True,True
CUST000416,Paul,Schulz,customer416@email.com,23,M,Berlin,2018-05-11,Young Adults,False,True
CUST000417,Ida,Hoffmann,customer417@email.com,58,M,München,2018-08-01,Mature Customers,False,True
CUST000418,Hans,Bauer,customer418@email.com,36,F,Duisburg,2019-04-15,Prime Shoppers,True,True
CUST000419,Felix,Müller,customer419@email.com,52,M,Mannheim,2020-12-14,Mature Customers,False,True
CUST000420,Paul,Becker,customer420@email.com,36,Other,Aachen,2022-11-05,Prime Shoppers,False,False
CUST000421,Tim,Schneider,customer421@email.com,65,Other,Münster,2018-10-04,Senior Shoppers,False,False
CUST000422,Tim,Weber,customer422@email.com,61,F,Bochum,2020-12-08,Senior Shoppers,True,True
CUST000423,Jonas,Meyer,customer423@email.com,31,F,Essen,2020-06-23,Prime Shoppers,True,True
CUST000424,Anna,Schulz,customer424@email.com,49,M,Dresden,2018-01-22,Mature Customers,False,False
CUST000425,Anna,Bauer,customer425@email.com,44,F,Gelsenkirchen,2020-12-31,Mature Customers,False,True
CUST000426,Noah,Weber,customer426@email.com,55,Other,Dortmund,2018-01-19,Mature Customers,True,True
CUST000427,Noah,Schulz,customer427@email.com,20,F,Hannover,2019-01-22,Young Adults,True,True
CUST000428,Maria,Wagner,customer428@email.com,45,M,Essen,2022-01-04,Mature Customers,True,False
CUST000429,Hans,Schulz,customer429@email.com,50,Other,Mönchengladbach,2021-07-04,Mature Customers,False,True
CUST000430,Tim,Weber,customer430@email.com,18,F,Düsseldorf,2021-08-21,Young Adults,True,True
CUST000431,Jonas,Schmidt,customer431@email.com,18,Other,Duisburg,2018-10-07,Young Adults,False,True
CUST000432,Max,Becker,customer432@email.com,18,M,Bremen,2021-12-05,Young Adults,True,True
CUST000433,Tim,Müller,customer433@email.com,30,M,Köln,2018-04-12,Prime Shoppers,False,True
CUST000434,Olivia,Bauer,customer434@email.com,45,M,Dortmund,2018-09-14,Mature Customers,True,True
CUST000435,Paul,Fischer,customer435@email.com,57,F,Nürnberg,2018-01-31,Mature Customers,False,False
CUST000436,Olivia,Bauer,customer436@email.com,36,M,Bremen,2020-01-31,Prime Shoppers,True,True
CUST000437,Ida,Wagner,customer437@email.com,59,M,Bielefeld,2018-04-25,Mature Customers,False,True
CUST000438,Ida,Wagner,customer438@email.com,18,M,Köln,2019-01-29,Young Adults,True,False
CUST000439,Olivia,Fischer,customer439@email.com,18,Other,Hamburg,2022-04-29,Young Adults,True,False
CUST000440,David,Schulz,customer440@email.com,34,Other,Düsseldorf,2022-02-14,Prime Shoppers,False,False
CUST000441,Jonas,Meyer,customer441@email.com,40,M,Karlsruhe,2021-10-27,Mature Customers,True,True
CUST000442,Paul,Koch,customer442@email.com,34,F,Düsseldorf,2019-06-03,Prime Shoppers,False,True
CUST000443,Greta,Schmidt,customer443@email.com,18,M,Karlsruhe,2022-11-04,Young Adults,False,True
CUST000444,Felix,Weber,customer444@email.com,33,Other,Köln,2018-01-31,Prime Shoppers,False,True
CUST000445,Ben,Hoffmann,customer445@email.com,18,Other,Bochum,2018-01-19,Young Adults,True,True
CUST000446,Clara,Fischer,customer446@email.com,45,M,Bochum,2022-04-28,Mature Customers,True,True
CUST000447,Ben,Müller,customer447@email.com,40,F,Karlsruhe,2023-03-22,Mature Customers,True,True
CUST000448,Paul,Fischer,customer448@email.com,20,F,Bielefeld,2018-09-15,Young Adults,False,False
CUST000449,Greta,Müller,customer449@email.com,27,Other,Hannover,2022-02-10,Prime Shoppers,False,True
CUST000450,Ben,Becker,customer450@email.com,19,Other,Duisburg,2019-05-29,Young Adults,False,False
CUST000451,Laura,Schneider,customer451@email.com,34,Other,Dresden,2019-01-24,Prime Shoppers,False,False
CUST000452,Max,Schulz,customer452@email.com,49,M,München,2019-07-18,Mature Customers,True,False
CUST000453,Ida,Schulz,customer453@email.com,20,F,Duisburg,2019-08-29,Young Adults,True,False
CUST000454,Felix,Müller,customer454@email.com,42,Other,Chemnitz,2022-02-11,Mature Customers,False,True
CUST000455,Clara,Koch,customer455@email.com,27,Other,Braunschweig,2019-10-19,Prime Shoppers,False,True
CUST000456,Paul,Schulz,customer456@email.com,23,M,Münster,2020-12-09,Young Adults,False,True
CUST000457,Klara,Schmidt,customer457@email.com,33,M,Wuppertal,2020-04-19,Prime Shoppers,True,True
CUST000458,Emma,Schneider,customer458@email.com,19,M,Düsseldorf,2022-09-07,Young Adults,True,False
CUST000459,David,Müller,customer459@email.com,26,Other,Karlsruhe,2019-01-28,Prime Shoppers,False,False
CUST000460,Max,Bauer,customer460@email.com,18,Other,Essen,2020-12-12,Young Adults,True,True
CUST000461,Max,Bauer,customer461@email.com,64,M,Berlin,2019-03-29,Senior Shoppers,True,False
CUST000462,Clara,Becker,customer462@email.com,35,Other,Hamburg,2023-03-17,Prime Shoppers,False,False
CUST000463,Leon,Bauer,customer463@email.com,24,M,Braunschweig,2022-08-11,Young Adults,False,True
CUST000464,Clara,Weber,customer464@email.com,38,M,Düsseldorf,2022-02-12,Prime Shoppers,True,True
CUST000465,Hans,Schulz,customer465@email.com,33,F,Düsseldorf,2022-01-25,Prime Shoppers,True,True
CUST000466,Felix,Schulz,customer466@email.com,31,Other,Bielefeld,2021-03-13,Prime Shoppers,False,True
CUST000467,Laura,Meyer,customer467@email.com,44,Other,Duisburg,2022-04-19,Mature Customers,False,True
CUST000468,Felix,Schulz,customer468@email.com,46,F,Wuppertal,2018-12-08,Mature Customers,False,True
CUST000469,Max,Becker,customer469@email.com,27,F,Kiel,2020-12-29,Prime Shoppers,False,True
CUST000470,Leon,Wagner,customer470@email.com,26,Other,Nürnberg,2022-09-27,Prime Shoppers,False,True
CUST000471,Tim,Fischer,customer471@email.com,30,F,Gelsenkirchen,2021-02-27,Prime Shoppers,False,True
CUST000472,Olivia,Becker,customer472@email.com,18,F,Berlin,2023-05-24,Young Adults,True,True
CUST000473,Anna,Schulz,customer473@email.com,18,M,Kiel,2021-05-05,Young Adults,False,True
CUST000474,Hans,Fischer,customer474@email.com,55,F,Berlin,2019-09-08,Mature Customers,False,True
CUST000475,Ben,Becker,customer475@email.com,59,F,Frankfurt,2018-07-13,Mature Customers,True,True
CUST000476,Laura,Fischer,customer476@email.com,31,M,Essen,2020-01-22,Prime Shoppers,False,True
CUST000477,Maria,Hoffmann,customer477@email.com,43,M,Wiesbaden,2021-03-14,Mature Customers,True,True
CUST000478,Paul,Schneider,customer478@email.com,39,F,Braunschweig,2022-06-12,Prime Shoppers,True,True
CUST000479,Laura,Wagner,customer479@email.com,75,M,Gelsenkirchen,2018-03-18,Senior Shoppers,True,True
CUST000480,Noah,Wagner,customer480@email.com,51,M,Chemnitz,2019-12-14,Mature Customers,True,True
CUST000481,Maria,Müller,customer481@email.com,33,F,Wuppertal,2021-07-22,Prime Shoppers,True,True
CUST000482,Laura,Schneider,customer482@email.com,20,F,Wuppertal,2021-01-10,Young Adults,True,True
CUST000483,Maria,Becker,customer483@email.com,18,Other,Bonn,2018-04-14,Young Adults,True,True
CUST000484,Jonas,Wagner,customer484@email.com,38,M,Frankfurt,2020-06-03,Prime Shoppers,False,True
CUST000485,Laura,Bauer,customer485@email.com,23,M,Bielefeld,2020-09-01,Young Adults,False,True
CUST000486,Maria,Schulz,customer486@email.com,18,F,Gelsenkirchen,2018-06-24,Young Adults,True,True
CUST000487,Tim,Fischer,customer487@email.com,25,F,Hannover,2020-09-11,Prime Shoppers,True,True
CUST000488,Clara,Weber,customer488@email.com,18,F,Bremen,2019-05-12,Young Adults,True,True
CUST000489,Noah,Wagner,customer489@email.com,60,F,Dresden,2021-10-07,Senior Shoppers,True,True
CUST000490,Max,Koch,customer490@email.com,48,M,Gelsenkirchen,2019-12-07,Mature Customers,False,True
CUST000491,Max,Becker,customer491@email.com,34,Other,Frankfurt,2019-12-18,Prime Shoppers,False,True
CUST000492,Hans,Fischer,customer492@email.com,57,Other,Dresden,2023-03-08,Mature Customers,True,True
CUST000493,Ben,Fischer,customer493@email.com,36,Other,Aachen,2018-08-19,Prime Shoppers,True,True
CUST000494,Klara,Bauer,customer494@email.com,22,M,Leipzig,2018-01-29,Young Adults,False,False
CUST000495,Klara,Fischer,customer495@email.com,57,Other,Bielefeld,2018-02-16,Mature Customers,True,True
CUST000496,Sophie,Weber,customer496@email.com,43,Other,Bochum,2021-01-24,Mature Customers,True,True
CUST000497,Laura,Koch,customer497@email.com,19,Other,Hamburg,2020-02-11,Young Adults,False,True
CUST000498,Jonas,Fischer,customer498@email.com,32,Other,Münster,2018-05-04,Prime Shoppers,False,True
CUST000499,Anna,Schmidt,customer499@email.com,21,F,Mannheim,2020-08-10,Young Adults,False,True
CUST000500,David,Müller,customer500@email.com,18,F,Chemnitz,2022-11-06,Young Adults,False,True
CUST000501,Sophie,Bauer,customer501@email.com,48,M,Kiel,2020-02-19,Mature Customers,False,False
CUST000502,Max,Schulz,customer502@email.com,63,M,Stuttgart,2022-11-11,Senior Shoppers,True,False
CUST000503,Anna,Müller,customer503@email.com,18,M,Aachen,2021-02-22,Young Adults,False,True
CUST000504,Maria,Bauer,customer504@email.com,43,M,Berlin,2020-09-30,Mature Customers,False,True
CUST000505,Jonas,Fischer,customer505@email.com,25,Other,Essen,2019-12-29,Prime Shoppers,True,True
CUST000506,Maria,Müller,customer506@email.com,27,Other,Essen,2022-12-05,Prime Shoppers,True,True
CUST000507,Maria,Koch,customer507@email.com,26,M,München,2019-12-01,Prime Shoppers,False,True
CUST000508,Hans,Hoffmann,customer508@email.com,22,M,Nürnberg,2020-05-04,Young Adults,False,True
CUST000509,Tim,Schneider,customer509@email.com,35,M,Karlsruhe,2020-07-08,Prime Shoppers,True,True
CUST000510,Emma,Weber,customer510@email.com,22,Other,Augsburg,2022-11-02,Young Adults,True,False
CUST000511,Emma,Koch,customer511@email.com,39,Other,Aachen,2023-02-05,Prime Shoppers,True,True
CUST000512,Tim,Schulz,customer512@email.com,34,Other,Köln,2018-05-19,Prime Shoppers,True,True
CUST000513,Emma,Bauer,customer513@email.com,31,M,Gelsenkirchen,2022-09-16,Prime Shoppers,False,False
CUST000514,Noah,Weber,customer514@email.com,21,F,Wiesbaden,2023-05-23,Young Adults,False,True
CUST000515,Greta,Schmidt,customer515@email.com,26,M,Stuttgart,2022-05-15,Prime Shoppers,True,True
CUST000516,Laura,Hoffmann,customer516@email.com,46,M,Münster,2021-05-25,Mature Customers,True,True
CUST000517,Anna,Meyer,customer517@email.com,42,M,Augsburg,2021-11-08,Mature Customers,False,True
CUST000518,Max,Becker,customer518@email.com,20,Other,Karlsruhe,2020-10-25,Young Adults,False,True
CUST000519,Maria,Becker,customer519@email.com,36,F,Frankfurt,2022-10-12,Prime Shoppers,True,True
CUST000520,Ben,Wagner,customer520@email.com,46,M,Aachen,2019-04-09,Mature Customers,False,False
CUST000521,Greta,Fischer,customer521@email.com,18,M,Stuttgart,2019-04-01,Young Adults,False,False
CUST000522,Klara,Becker,customer522@email.com,43,M,Nürnberg,2021-11-09,Mature Customers,False,True
CUST000523,Maria,Bauer,customer523@email.com,25,F,Hannover,2021-05-30,Prime Shoppers,True,True
CUST000524,Olivia,Müller,customer524@email.com,43,M,Wuppertal,2020-07-13,Mature Customers,False,True
CUST000525,Maria,Schulz,customer525@email.com,23,Other,Hamburg,2021-02-16,Young Adults,True,True
CUST000526,Maria,Weber,customer526@email.com,18,F,Duisburg,2020-06-19,Young Adults,True,False
CUST000527,Max,Müller,customer527@email.com,18,Other,Wuppertal,2019-08-26,Young Adults,True,False
CUST000528,Olivia,Schmidt,customer528@email.com,35,Other,Wuppertal,2022-08-27,Prime Shoppers,True,True
CUST000529,Laura,Bauer,customer529@email.com,38,Other,Frankfurt,2022-05-14,Prime Shoppers,False,False
CUST000530,Olivia,Müller,customer530@email.com,21,M,Duisburg,2019-10-25,Young Adults,True,False
CUST000531,Ida,Meyer,customer531@email.com,44,Other,Karlsruhe,2018-07-04,Mature Customers,True,True
CUST000532,David,Bauer,customer532@email.com,18,F,Karlsruhe,2018-07-06,Young Adults,False,True
CUST000533,Maria,Bauer,customer533@email.com,34,Other,Münster,2020-12-08,Prime Shoppers,True,False
CUST000534,Maria,Müller,customer534@email.com,18,M,Aachen,2021-02-01,Young Adults,False,True
CUST000535,Emma,Schneider,customer535@email.com,25,Other,Hamburg,2018-11-29,Prime Shoppers,False,True
CUST000536,Olivia,Weber,customer536@email.com,35,Other,Stuttgart,2019-09-26,Prime Shoppers,True,True
CUST000537,Greta,Müller,customer537@email.com,22,Other,Gelsenkirchen,2023-05-21,Young Adults,False,True
CUST000538,Paul,Becker,customer538@email.com,29,Other,Mönchengladbach,2020-07-28,Prime Shoppers,True,False
CUST000539,Greta,Hoffmann,customer539@email.com,50,Other,Bochum,2019-05-03,Mature Customers,False,False
CUST000540,Clara,Hoffmann,customer540@email.com,26,Other,Berlin,2020-06-23,Prime Shoppers,True,True
CUST000541,Tim,Fischer,customer541@email.com,47,M,Stuttgart,2021-06-23,Mature Customers,True,True
CUST000542,Leon,Müller,customer542@email.com,18,M,Chemnitz,2021-08-30,Young Adults,True,True
CUST000543,Clara,Müller,customer543@email.com,42,M,Nürnberg,2019-11-10,Mature Customers,True,True
CUST000544,Jonas,Hoffmann,customer544@email.com,56,Other,Augsburg,2021-10-08,Mature Customers,True,False
CUST000545,Laura,Meyer,customer545@email.com,18,M,München,2022-03-15,Young Adults,False,True
CUST000546,Maria,Schmidt,customer546@email.com,23,F,Braunschweig,2020-01-25,Young Adults,True,True
CUST000547,Emma,Schmidt,customer547@email.com,43,Other,Chemnitz,2020-08-22,Mature Customers,False,True
CUST000548,Noah,Schulz,customer548@email.com,31,M,Augsburg,2020-12-15,Prime Shoppers,True,True
CUST000549,Laura,Bauer,customer549@email.com,40,Other,Wuppertal,2018-08-12,Mature Customers,True,False
CUST000550,Max,Bauer,customer550@email.com,25,F,Nürnberg,2022-01-22,Prime Shoppers,False,True
CUST000551,Laura,Hoffmann,customer551@email.com,36,F,Aachen,2020-12-12,Prime Shoppers,True,False
CUST000552,Paul,Becker,customer552@email.com,32,M,Kiel,2020-11-30,Prime Shoppers,True,True
CUST000553,Anna,Schmidt,customer553@email.com,52,M,Duisburg,2019-02-01,Mature Customers,True,True
CUST000554,Max,Wagner,customer554@email.com,38,F,Hamburg,2022-06-26,Prime Shoppers,False,True
CUST000555,Greta,Müller,customer555@email.com,40,Other,Düsseldorf,2021-02-21,Mature Customers,False,True
CUST000556,Clara,Weber,customer556@email.com,28,F,Wuppertal,2022-06-07,Prime Shoppers,False,True
CUST000557,Klara,Meyer,customer557@email.com,27,F,Wiesbaden,2018-08-22,Prime Shoppers,True,True
CUST000558,Klara,Meyer,customer558@email.com,28,Other,Bochum,2019-02-02,Prime Shoppers,False,True
CUST000559,Emma,Becker,customer559@email.com,40,M,Karlsruhe,2021-08-15,Mature Customers,False,True
CUST000560,Noah,Bauer,customer560@email.com,28,M,Braunschweig,2020-08-05,Prime Shoppers,False,True
CUST000561,Tim,Müller,customer561@email.com,39,M,Bonn,2021-02-11,Prime Shoppers,False,True
CUST000562,Emma,Weber,customer562@email.com,66,M,Bremen,2018-05-16,Senior Shoppers,False,True
CUST000563,Max,Wagner,customer563@email.com,48,M,Münster,2021-03-15,Mature Customers,True,True
CUST000564,Klara,Bauer,customer564@email.com,30,M,Essen,2021-12-15,Prime Shoppers,False,True
CUST000565,Hans,Meyer,customer565@email.com,53,F,Braunschweig,2020-10-14,Mature Customers,False,True
CUST000566,Jonas,Schneider,customer566@email.com,28,M,Dresden,2020-12-11,Prime Shoppers,True,True
CUST000567,Clara,Becker,customer567@email.com,18,Other,Berlin,2023-02-14,Young Adults,False,True
CUST000568,Klara,Becker,customer568@email.com,19,Other,Chemnitz,2019-01-25,Young Adults,False,True
CUST000569,David,Schulz,customer569@email.com,18,Other,Frankfurt,2018-10-21,Young Adults,True,True
CUST000570,Maria,Bauer,customer570@email.com,29,Other,Köln,2020-07-29,Prime Shoppers,True,True
CUST000571,Ben,Koch,customer571@email.com,35,Other,Chemnitz,2023-03-25,Prime Shoppers,True,True
CUST000572,Ben,Schmidt,customer572@email.com,60,Other,Gelsenkirchen,2020-08-14,Senior Shoppers,False,True
CUST000573,Jonas,Koch,customer573@email.com,39,M,Bremen,2021-03-28,Prime Shoppers,True,True
CUST000574,Ida,Schulz,customer574@email.com,31,F,Gelsenkirchen,2019-08-10,Prime Shoppers,False,True
CUST000575,Emma,Schneider,customer575@email.com,47,F,Köln,2019-07-13,Mature Customers,True,True
CUST000576,Tim,Meyer,customer576@email.com,18,Other,Bremen,2019-02-28,Young Adults,False,True
CUST000577,Jonas,Hoffmann,customer577@email.com,38,M,Stuttgart,2023-04-16,Prime Shoppers,True,True
CUST000578,Klara,Schulz,customer578@email.com,46,F,Hamburg,2021-06-09,Mature Customers,True,True
CUST000579,Ben,Schmidt,customer579@email.com,18,F,Hamburg,2020-08-22,Young Adults,True,False
CUST000580,Felix,Bauer,customer580@email.com,52,Other,Kiel,2020-03-13,Mature Customers,False,True
CUST000581,Klara,Fischer,customer581@email.com,40,Other,Gelsenkirchen,2019-10-02,Mature Customers,True,False
CUST000582,Emma,Schmidt,customer582@email.com,28,Other,Duisburg,2021-03-08,Prime Shoppers,True,False
CUST000583,Olivia,Becker,customer583@email.com,44,M,Dortmund,2019-09-28,Mature Customers,True,True
CUST000584,Leon,Wagner,customer584@email.com,69,M,Augsburg,2023-02-13,Senior Shoppers,False,True
CUST000585,Paul,Müller,customer585@email.com,37,M,Bochum,2020-07-17,Prime Shoppers,True,True
CUST000586,Olivia,Schneider,customer586@email.com,38,F,Gelsenkirchen,2020-09-07,Prime Shoppers,False,True
CUST000587,David,Wagner,customer587@email.com,28,Other,Mönchengladbach,2020-11-06,Prime Shoppers,True,True
CUST000588,Clara,Weber,customer588@email.com,22,Other,Duisburg,2021-02-12,Young Adults,False,False
CUST000589,Max,Fischer,customer589@email.com,47,Other,Stuttgart,2019-05-04,Mature Customers,False,False
CUST000590,Klara,Fischer,customer590@email.com,22,Other,Bonn,2018-05-16,Young Adults,False,False
CUST000591,Klara,Schulz,customer591@email.com,36,Other,Dortmund,2021-03-07,Prime Shoppers,True,True
CUST000592,Laura,Becker,customer592@email.com,27,M,Bonn,2022-02-23,Prime Shoppers,False,True
CUST000593,David,Becker,customer593@email.com,42,M,Leipzig,2021-02-10,Mature Customers,False,True
CUST000594,David,Koch,customer594@email.com,40,Other,Gelsenkirchen,2021-05-10,Mature Customers,False,True
CUST000595,Ben,Schmidt,customer595@email.com,50,M,Braunschweig,2020-10-09,Mature Customers,True,True
CUST000596,Emma,Koch,customer596@email.com,27,M,Duisburg,2022-03-31,Prime Shoppers,False,False
CUST000597,Laura,Becker,customer597@email.com,30,M,Düsseldorf,2021-06-14,Prime Shoppers,False,True
CUST000598,Jonas,Wagner,customer598@email.com,20,Other,Aachen,2021-03-13,Young Adults,False,True
CUST000599,Anna,Hoffmann,customer599@email.com,28,Other,Hannover,2021-04-08,Prime Shoppers,True,True
CUST000600,Leon,Schulz,customer600@email.com,40,M,Berlin,2018-05-08,Mature Customers,False,True
CUST000601,Jonas,Müller,customer601@email.com,46,M,Nürnberg,2022-10-30,Mature Customers,False,True
CUST000602,Maria,Wagner,customer602@email.com,21,F,Nürnberg,2021-12-28,Young Adults,True,True
CUST000603,Emma,Fischer,customer603@email.com,48,Other,Hannover,2020-08-30,Mature Customers,False,False
CUST000604,Jonas,Koch,customer604@email.com,55,M,Frankfurt,2018-11-12,Mature Customers,True,True
CUST000605,Anna,Schneider,customer605@email.com,41,Other,Kiel,2021-08-20,Mature Customers,False,False
CUST000606,Emma,Schmidt,customer606@email.com,63,M,Karlsruhe,2023-06-20,Senior Shoppers,False,False
CUST000607,Max,Wagner,customer607@email.com,23,Other,Stuttgart,2023-01-05,Young Adults,False,False
CUST000608,Olivia,Wagner,customer608@email.com,18,F,Dortmund,2021-02-04,Young Adults,True,False
CUST000609,Anna,Hoffmann,customer609@email.com,18,F,Chemnitz,2021-05-23,Young Adults,True,True
CUST000610,Tim,Hoffmann,customer610@email.com,57,F,Hamburg,2020-04-21,Mature Customers,True,False
CUST000611,Leon,Schmidt,customer611@email.com,44,Other,Bochum,2021-12-14,Mature Customers,True,True
CUST000612,Sophie,Weber,customer612@email.com,34,F,Wuppertal,2022-02-04,Prime Shoppers,True,True
CUST000613,Paul,Koch,customer613@email.com,39,Other,Mannheim,2019-05-18,Prime Shoppers,True,True
CUST000614,Ben,Meyer,customer614@email.com,18,Other,Gelsenkirchen,2021-06-09,Young Adults,True,False
CUST000615,Sophie,Becker,customer615@email.com,71,Other,Wiesbaden,2020-07-18,Senior Shoppers,False,False
CUST000616,Jonas,Weber,customer616@email.com,36,M,Hamburg,2019-12-24,Prime Shoppers,False,True
CUST000617,Paul,Hoffmann,customer617@email.com,36,M,Bonn,2018-05-06,Prime Shoppers,True,True
CUST000618,Max,Müller,customer618@email.com,45,F,Bochum,2022-07-15,Mature Customers,True,True
CUST000619,Clara,Weber,customer619@email.com,42,F,Frankfurt,2020-11-01,Mature Customers,False,True
CUST000620,Ida,Müller,customer620@email.com,38,Other,Köln,2022-10-23,Prime Shoppers,True,True
CUST000621,Olivia,Meyer,customer621@email.com,23,M,Essen,2021-09-11,Young Adults,True,False
CUST000622,Sophie,Müller,customer622@email.com,42,F,München,2019-01-06,Mature Customers,True,True
CUST000623,Paul,Wagner,customer623@email.com,63,F,Dortmund,2022-09-12,Senior Shoppers,False,True
CUST000624,Laura,Bauer,customer624@email.com,55,F,Hamburg,2019-03-08,Mature Customers,False,True
CUST000625,Felix,Becker,customer625@email.com,58,F,Bochum,2018-04-18,Mature Customers,False,False
CUST000626,Tim,Fischer,customer626@email.com,27,F,Mannheim,2022-03-09,Prime Shoppers,False,False
CUST000627,Emma,Schulz,customer627@email.com,20,F,Berlin,2019-06-22,Young Adults,False,False
CUST000628,Klara,Schulz,customer628@email.com,33,Other,Hamburg,2020-02-22,Prime Shoppers,True,True
CUST000629,Noah,Hoffmann,customer629@email.com,35,Other,Chemnitz,2023-05-13,Prime Shoppers,False,True
CUST000630,Ida,Schmidt,customer630@email.com,51,F,Karlsruhe,2019-07-08,Mature Customers,False,False
CUST000631,Hans,Bauer,customer631@email.com,18,Other,Bonn,2022-05-03,Young Adults,True,True
CUST000632,Felix,Meyer,customer632@email.com,57,Other,Berlin,2021-10-19,Mature Customers,True,True
CUST000633,Noah,Schmidt,customer633@email.com,32,Other,Köln,2018-01-25,Prime Shoppers,False,True
CUST000634,Jonas,Weber,customer634@email.com,28,M,Hamburg,2019-03-26,Prime Shoppers,True,True
CUST000635,Max,Koch,customer635@email.com,19,M,Münster,2018-04-27,Young Adults,True,True
CUST000636,Max,Schneider,customer636@email.com,18,F,Mannheim,2018-06-26,Young Adults,True,True
CUST000637,Felix,Weber,customer637@email.com,47,F,Duisburg,2021-11-25,Mature Customers,True,False
CUST000638,Ida,Wagner,customer638@email.com,36,Other,Kiel,2023-03-05,Prime Shoppers,False,True
CUST000639,Clara,Weber,customer639@email.com,18,M,Hannover,2018-11-28,Young Adults,False,True
CUST000640,Ida,Weber,customer640@email.com,18,M,Duisburg,2018-05-04,Young Adults,True,False
CUST000641,Greta,Hoffmann,customer641@email.com,29,F,Stuttgart,2023-03-17,Prime Shoppers,False,True
CUST000642,Tim,Wagner,customer642@email.com,60,M,Münster,2018-10-22,Senior Shoppers,True,False
CUST000643,Ida,Schmidt,customer643@email.com,31,M,München,2022-01-05,Prime Shoppers,True,True
CUST000644,Olivia,Müller,customer644@email.com,18,F,Frankfurt,2022-05-11,Young Adults,True,True
CUST000645,Maria,Weber,customer645@email.com,31,M,Augsburg,2021-09-23,Prime Shoppers,False,False
CUST000646,Anna,Schulz,customer646@email.com,30,Other,Gelsenkirchen,2021-03-22,Prime Shoppers,False,False
CUST000647,Maria,Bauer,customer647@email.com,18,M,Bielefeld,2020-06-12,Young Adults,True,True
CUST000648,Paul,Schmidt,customer648@email.com,34,Other,Bielefeld,2020-02-27,Prime Shoppers,False,True
CUST000649,Jonas,Wagner,customer649@email.com,31,M,Karlsruhe,2021-10-28,Prime Shoppers,True,True
CUST000650,Klara,Schmidt,customer650@email.com,45,F,Gelsenkirchen,2020-12-30,Mature Customers,False,True
CUST000651,Tim,Müller,customer651@email.com,62,F,Mannheim,2018-12-28,Senior Shoppers,True,True
CUST000652,Maria,Schmidt,customer652@email.com,51,Other,Augsburg,2021-11-26,Mature Customers,False,False
CUST000653,Olivia,Bauer,customer653@email.com,30,M,Frankfurt,2018-06-23,Prime Shoppers,True,True
CUST000654,Laura,Fischer,customer654@email.com,18,F,Hannover,2018-02-21,Young Adults,True,True
CUST000655,Tim,Becker,customer655@email.com,73,M,Hamburg,2020-10-20,Senior Shoppers,False,True
CUST000656,Ben,Wagner,customer656@email.com,35,M,Düsseldorf,2019-11-23,Prime Shoppers,False,True
CUST000657,Laura,Fischer,customer657@email.com,35,M,Hamburg,2022-02-26,Prime Shoppers,True,False
CUST000658,Anna,Becker,customer658@email.com,34,Other,Hamburg,2021-09-01,Prime Shoppers,True,True
CUST000659,Felix,Koch,customer659@email.com,37,M,Kiel,2018-01-30,Prime Shoppers,False,True
CUST000660,Max,Schneider,customer660@email.com,32,Other,München,2020-07-23,Prime Shoppers,True,True
CUST000661,Max,Hoffmann,customer661@email.com,26,M,München,2020-10-15,Prime Shoppers,True,False
CUST000662,Maria,Meyer,customer662@email.com,26,M,Mannheim,2019-11-22,Prime Shoppers,True,True
CUST000663,Greta,Müller,customer663@email.com,34,Other,Stuttgart,2022-09-10,Prime Shoppers,False,True
CUST000664,Ida,Schneider,customer664@email.com,26,F,Stuttgart,2018-09-05,Prime Shoppers,False,True
CUST000665,Hans,Hoffmann,customer665@email.com,24,M,Frankfurt,2020-06-17,Young Adults,True,False
CUST000666,Felix,Müller,customer666@email.com,36,F,München,2022-05-12,Prime Shoppers,True,True
CUST000667,Clara,Bauer,customer667@email.com,31,Other,Bonn,2019-01-03,Prime Shoppers,False,False
CUST000668,Paul,Bauer,customer668@email.com,57,M,Düsseldorf,2021-11-21,Mature Customers,True,True
CUST000669,Olivia,Wagner,customer669@email.com,18,M,Stuttgart,2020-12-07,Young Adults,True,True
CUST000670,Paul,Hoffmann,customer670@email.com,51,M,Karlsruhe,2022-01-08,Mature Customers,False,True
CUST000671,Anna,Schulz,customer671@email.com,53,M,Düsseldorf,2020-05-07,Mature Customers,True,True
CUST000672,Leon,Schulz,customer672@email.com,18,Other,Dortmund,2021-06-21,Young Adults,False,True
CUST000673,Ben,Fischer,customer673@email.com,29,M,Mönchengladbach,2019-07-21,Prime Shoppers,True,False
CUST000674,Felix,Schneider,customer674@email.com,29,Other,Aachen,2020-10-15,Prime Shoppers,True,True
CUST000675,Leon,Weber,customer675@email.com,18,M,Nürnberg,2021-08-13,Young Adults,False,True
CUST000676,Olivia,Müller,customer676@email.com,23,M,Wiesbaden,2021-06-17,Young Adults,True,True
CUST000677,Anna,Becker,customer677@email.com,18,Other,Köln,2018-11-20,Young Adults,True,True
CUST000678,Olivia,Hoffmann,customer678@email.com,61,Other,Bremen,2022-01-17,Senior Shoppers,False,True
CUST000679,Klara,Fischer,customer679@email.com,49,M,Bremen,2022-03-11,Mature Customers,True,True
CUST000680,Noah,Fischer,customer680@email.com,54,F,Kiel,2019-05-01,Mature Customers,True,True
CUST000681,Laura,Becker,customer681@email.com,45,M,Kiel,2020-08-22,Mature Customers,False,True
CUST000682,Max,Becker,customer682@email.com,18,M,Hannover,2019-03-19,Young Adults,False,True
CUST000683,Greta,Koch,customer683@email.com,27,F,Essen,2020-07-26,Prime Shoppers,True,True
CUST000684,Ben,Bauer,customer684@email.com,42,Other,Hamburg,2018-09-18,Mature Customers,False,True
CUST000685,Olivia,Becker,customer685@email.com,18,F,Stuttgart,2018-08-16,Young Adults,False,True
CUST000686,Jonas,Hoffmann,customer686@email.com,45,M,Mönchengladbach,2022-12-21,Mature Customers,True,True
CUST000687,Noah,Schulz,customer687@email.com,31,F,Chemnitz,2018-06-27,Prime Shoppers,True,False
CUST000688,Olivia,Weber,customer688@email.com,29,M,Wiesbaden,2022-09-11,Prime Shoppers,False,True
CUST000689,Klara,Wagner,customer689@email.com,45,Other,Dortmund,2019-05-23,Mature Customers,True,True
CUST000690,Ben,Müller,customer690@email.com,41,F,Wiesbaden,2020-05-05,Mature Customers,True,False
CUST000691,Maria,Becker,customer691@email.com,29,Other,Braunschweig,2020-12-23,Prime Shoppers,True,False
CUST000692,Hans,Schmidt,customer692@email.com,52,Other,Gelsenkirchen,2020-10-11,Mature Customers,True,False
CUST000693,Greta,Schneider,customer693@email.com,18,F,Leipzig,2023-04-30,Young Adults,True,True
CUST000694,Paul,Koch,customer694@email.com,44,F,Stuttgart,2018-02-02,Mature Customers,False,True
CUST000695,Olivia,Becker,customer695@email.com,43,M,Chemnitz,2023-06-23,Mature Customers,False,True
CUST000696,Leon,Koch,customer696@email.com,30,F,Augsburg,2022-06-06,Prime Shoppers,True,True
CUST000697,Klara,Schulz,customer697@email.com,39,M,Leipzig,2020-02-28,Prime Shoppers,False,True
CUST000698,Max,Schulz,customer698@email.com,18,Other,Mönchengladbach,2021-11-30,Young Adults,True,True
CUST000699,Klara,Bauer,customer699@email.com,48,M,Wuppertal,2021-06-24,Mature Customers,False,True
CUST000700,Maria,Meyer,customer700@email.com,32,F,Münster,2018-08-16,Prime Shoppers,True,True
CUST000701,Felix,Koch,customer701@email.com,27,Other,Augsburg,2020-01-21,Prime Shoppers,True,True
CUST000702,Klara,Fischer,customer702@email.com,50,Other,Köln,2018-10-11,Mature Customers,False,True
CUST000703,Hans,Meyer,customer703@email.com,24,F,Kiel,2022-03-23,Young Adults,False,False
CUST000704,Ben,Schmidt,customer704@email.com,18,F,Dresden,2019-07-22,Young Adults,False,False
CUST000705,Sophie,Schmidt,customer705@email.com,18,F,Augsburg,2020-10-23,Young Adults,False,False
CUST000706,Leon,Koch,customer706@email.com,44,Other,Mönchengladbach,2021-06-25,Mature Customers,True,True
CUST000707,Olivia,Schmidt,customer707@email.com,18,M,Hannover,2023-01-01,Young Adults,True,True
CUST000708,Clara,Schmidt,customer708@email.com,61,M,Essen,2023-05-17,Senior Shoppers,True,True
CUST000709,Emma,Fischer,customer709@email.com,18,Other,Karlsruhe,2020-10-13,Young Adults,True,True
CUST000710,Tim,Schneider,customer710@email.com,60,F,Dresden,2020-05-03,Senior Shoppers,False,False
CUST000711,Anna,Weber,customer711@email.com,38,M,München,2022-02-19,Prime Shoppers,True,True
CUST000712,Sophie,Koch,customer712@email.com,33,F,Nürnberg,2022-09-06,Prime Shoppers,False,True
CUST000713,Laura,Koch,customer713@email.com,26,Other,Wuppertal,2020-09-22,Prime Shoppers,False,False
CUST000714,Laura,Schneider,customer714@email.com,40,F,Stuttgart,2019-09-15,Mature Customers,False,True
CUST000715,Leon,Weber,customer715@email.com,34,M,Frankfurt,2020-09-18,Prime Shoppers,False,True
CUST000716,Felix,Hoffmann,customer716@email.com,51,M,Augsburg,2020-07-22,Mature Customers,False,True
CUST000717,Felix,Bauer,customer717@email.com,36,Other,Kiel,2023-06-17,Prime Shoppers,True,True
CUST000718,David,Müller,customer718@email.com,37,F,Bonn,2019-05-03,Prime Shoppers,True,False
CUST000719,Leon,Schneider,customer719@email.com,29,M,Bielefeld,2019-06-18,Prime Shoppers,True,True
CUST000720,Emma,Meyer,customer720@email.com,34,F,Bielefeld,2019-12-06,Prime Shoppers,True,True
CUST000721,Anna,Wagner,customer721@email.com,39,F,Gelsenkirchen,2018-09-06,Prime Shoppers,True,False
CUST000722,Klara,Schneider,customer722@email.com,18,M,Wiesbaden,2023-03-16,Young Adults,False,True
CUST000723,Jonas,Hoffmann,customer723@email.com,18,Other,Frankfurt,2020-08-28,Young Adults,False,True
CUST000724,David,Bauer,customer724@email.com,46,F,Kiel,2021-11-12,Mature Customers,True,True
CUST000725,Tim,Schmidt,customer725@email.com,37,F,Berlin,2021-10-20,Prime Shoppers,False,True
CUST000726,Leon,Schmidt,customer726@email.com,32,F,Hamburg,2020-07-02,Prime Shoppers,True,True
CUST000727,Ida,Fischer,customer727@email.com,35,M,München,2022-05-20,Prime Shoppers,False,True
CUST000728,Sophie,Wagner,customer728@email.com,40,M,Bochum,2023-06-22,Mature Customers,False,True
CUST000729,Leon,Wagner,customer729@email.com,26,M,Augsburg,2023-02-04,Prime Shoppers,False,True
CUST000730,Leon,Müller,customer730@email.com,23,F,Dresden,2020-03-01,Young Adults,False,True
CUST000731,Tim,Schmidt,customer731@email.com,37,M,Wiesbaden,2020-07-01,Prime Shoppers,False,False
CUST000732,Olivia,Weber,customer732@email.com,20,M,Mönchengladbach,2022-07-04,Young Adults,False,False
CUST000733,Laura,Hoffmann,customer733@email.com,41,M,Frankfurt,2018-10-13,Mature Customers,True,True
CUST000734,Sophie,Meyer,customer734@email.com,18,M,Aachen,2020-08-30,Young Adults,False,True
CUST000735,Noah,Koch,customer735@email.com,50,F,Nürnberg,2018-01-14,Mature Customers,True,False
CUST000736,Laura,Schneider,customer736@email.com,42,M,Stuttgart,2021-12-25,Mature Customers,False,True
CUST000737,Paul,Müller,customer737@email.com,38,F,Braunschweig,2021-02-08,Prime Shoppers,False,False
CUST000738,Olivia,Fischer,customer738@email.com,49,M,Mönchengladbach,2021-02-19,Mature Customers,True,True
CUST000739,Jonas,Koch,customer739@email.com,59,Other,Bochum,2019-06-22,Mature Customers,True,True
CUST000740,Felix,Becker,customer740@email.com,50,Other,Karlsruhe,2020-05-04,Mature Customers,True,True
CUST000741,Ida,Becker,customer741@email.com,18,M,Münster,2018-09-02,Young Adults,False,False
CUST000742,Noah,Weber,customer742@email.com,18,Other,Mannheim,2021-03-04,Young Adults,False,True
CUST000743,Sophie,Bauer,customer743@email.com,25,Other,Berlin,2020-02-04,Prime Shoppers,False,True
CUST000744,Ben,Schneider,customer744@email.com,35,F,Duisburg,2021-04-06,Prime Shoppers,True,True
CUST000745,Ben,Weber,customer745@email.com,42,F,Nürnberg,2018-12-01,Mature Customers,False,True
CUST000746,Jonas,Schulz,customer746@email.com,24,Other,Aachen,2019-08-17,Young Adults,True,True
CUST000747,Felix,Schmidt,customer747@email.com,37,Other,Gelsenkirchen,2022-04-19,Prime Shoppers,True,True
CUST000748,Klara,Koch,customer748@email.com,23,F,Essen,2022-11-22,Young Adults,False,True
CUST000749,Laura,Meyer,customer749@email.com,25,M,Berlin,2020-12-30,Prime Shoppers,True,True
CUST000750,Paul,Wagner,customer750@email.com,18,F,Aachen,2020-02-03,Young Adults,True,True
CUST000751,Emma,Schulz,customer751@email.com,21,M,Braunschweig,2019-03-23,Young Adults,True,True
CUST000752,Olivia,Schmidt,customer752@email.com,18,M,Braunschweig,2020-05-04,Young Adults,True,True
CUST000753,Leon,Weber,customer753@email.com,20,Other,Dresden,2020-09-09,Young Adults,True,False
CUST000754,Max,Schulz,customer754@email.com,50,F,Stuttgart,2022-12-28,Mature Customers,False,True
CUST000755,David,Fischer,customer755@email.com,20,M,Chemnitz,2022-03-05,Young Adults,True,True
CUST000756,Emma,Fischer,customer756@email.com,74,M,München,2019-09-22,Senior Shoppers,False,True
CUST000757,Anna,Becker,customer757@email.com,42,F,Hamburg,2018-06-09,Mature Customers,True,True
CUST000758,Sophie,Hoffmann,customer758@email.com,37,M,Bochum,2018-03-09,Prime Shoppers,True,True
CUST000759,Clara,Weber,customer759@email.com,22,Other,Berlin,2018-03-30,Young Adults,True,True
CUST000760,Max,Fischer,customer760@email.com,45,Other,Kiel,2023-02-28,Mature Customers,True,True
CUST000761,Leon,Müller,customer761@email.com,26,M,Frankfurt,2021-10-05,Prime Shoppers,False,True
CUST000762,Felix,Schulz,customer762@email.com,36,Other,Münster,2019-12-23,Prime Shoppers,True,True
CUST000763,Laura,Müller,customer763@email.com,73,Other,Düsseldorf,2018-07-22,Senior Shoppers,True,True
CUST000764,Tim,Müller,customer764@email.com,33,Other,Köln,2018-12-18,Prime Shoppers,True,False
CUST000765,Laura,Schneider,customer765@email.com,52,F,Mannheim,2020-01-21,Mature Customers,True,True
CUST000766,Leon,Wagner,customer766@email.com,24,F,Düsseldorf,2022-09-06,Young Adults,True,False
CUST000767,Klara,Schmidt,customer767@email.com,34,F,Köln,2018-08-20,Prime Shoppers,True,False
CUST000768,Leon,Bauer,customer768@email.com,61,F,Bielefeld,2022-04-11,Senior Shoppers,True,True
CUST000769,Paul,Schmidt,customer769@email.com,25,F,Leipzig,2019-11-03,Prime Shoppers,False,True
CUST000770,Olivia,Fischer,customer770@email.com,62,Other,Nürnberg,2021-11-08,Senior Shoppers,False,False
CUST000771,Clara,Becker,customer771@email.com,45,Other,Dresden,2019-01-22,Mature Customers,True,True
CUST000772,Paul,Koch,customer772@email.com,26,M,Hannover,2021-10-12,Prime Shoppers,False,True
CUST000773,Emma,Wagner,customer773@email.com,44,F,Augsburg,2018-09-02,Mature Customers,True,True
CUST000774,Leon,Fischer,customer774@email.com,49,F,Düsseldorf,2018-05-13,Mature Customers,False,True
CUST000775,Noah,Bauer,customer775@email.com,44,F,Essen,2019-04-22,Mature Customers,False,False
CUST000776,Paul,Koch,customer776@email.com,18,Other,Hannover,2019-12-31,Young Adults,False,True
CUST000777,Olivia,Schmidt,customer777@email.com,24,M,Essen,2018-10-29,Young Adults,False,False
CUST000778,Emma,Müller,customer778@email.com,31,M,Wiesbaden,2019-04-18,Prime Shoppers,True,True
CUST000779,Anna,Schneider,customer779@email.com,33,F,Münster,2020-10-17,Prime Shoppers,False,True
CUST000780,Max,Hoffmann,customer780@email.com,44,M,Gelsenkirchen,2019-09-13,Mature Customers,True,False
CUST000781,Olivia,Fischer,customer781@email.com,37,F,Mannheim,2022-06-12,Prime Shoppers,False,False
CUST000782,Ida,Schulz,customer782@email.com,18,F,Mönchengladbach,2020-10-30,Young Adults,True,True
CUST000783,David,Wagner,customer783@email.com,40,F,Bremen,2020-05-31,Mature Customers,False,False
CUST000784,Ben,Müller,customer784@email.com,44,M,Bielefeld,2020-07-30,Mature Customers,False,True
CUST000785,Noah,Schneider,customer785@email.com,43,F,Augsburg,2020-10-03,Mature Customers,False,False
CUST000786,David,Hoffmann,customer786@email.com,51,Other,Bochum,2022-04-14,Mature Customers,False,False
CUST000787,Felix,Schulz,customer787@email.com,47,M,Hannover,2021-02-25,Mature Customers,False,False
CUST000788,Maria,Hoffmann,customer788@email.com,41,Other,Dresden,2021-04-25,Mature Customers,False,True
CUST000789,Anna,Hoffmann,customer789@email.com,33,M,Frankfurt,2018-05-06,Prime Shoppers,False,True
CUST000790,Laura,Müller,customer790@email.com,18,Other,Bremen,2022-07-16,Young Adults,False,True
CUST000791,Leon,Meyer,customer791@email.com,41,F,Dresden,2020-05-26,Mature Customers,True,True
CUST000792,Hans,Koch,customer792@email.com,38,F,Bonn,2019-05-23,Prime Shoppers,True,True
CUST000793,Jonas,Schmidt,customer793@email.com,39,F,Stuttgart,2022-11-15,Prime Shoppers,True,True
CUST000794,Olivia,Koch,customer794@email.com,18,F,Bonn,2018-03-18,Young Adults,False,True
CUST000795,Paul,Hoffmann,customer795@email.com,18,M,Bremen,2018-02-11,Young Adults,False,False
CUST000796,Laura,Schmidt,customer796@email.com,50,F,Köln,2019-10-23,Mature Customers,True,True
CUST000797,Sophie,Koch,customer797@email.com,34,F,Stuttgart,2020-10-14,Prime Shoppers,False,True
CUST000798,Noah,Fischer,customer798@email.com,45,F,Karlsruhe,2023-06-09,Mature Customers,True,True
CUST000799,Ida,Müller,customer799@email.com,35,F,Bonn,2019-08-12,Prime Shoppers,False,True
CUST000800,Clara,Bauer,customer800@email.com,35,Other,Köln,2021-07-03,Prime Shoppers,False,True
CUST000801,Laura,Schulz,customer801@email.com,49,F,Nürnberg,2018-05-18,Mature Customers,True,True
CUST000802,Clara,Koch,customer802@email.com,27,F,Wuppertal,2022-06-18,Prime Shoppers,False,False
CUST000803,Tim,Meyer,customer803@email.com,36,M,Nürnberg,2021-09-20,Prime Shoppers,False,True
CUST000804,Sophie,Becker,customer804@email.com,28,Other,Gelsenkirchen,2021-07-03,Prime Shoppers,True,True
CUST000805,Sophie,Schneider,customer805@email.com,28,Other,Bochum,2021-07-09,Prime Shoppers,True,False
CUST000806,Tim,Hoffmann,customer806@email.com,30,F,Aachen,2019-07-03,Prime Shoppers,True,True
CUST000807,Olivia,Schneider,customer807@email.com,38,M,Frankfurt,2020-01-17,Prime Shoppers,False,False
CUST000808,Klara,Schmidt,customer808@email.com,27,Other,Düsseldorf,2020-04-20,Prime Shoppers,False,True
CUST000809,Jonas,Koch,customer809@email.com,53,M,Essen,2022-08-14,Mature Customers,True,False
CUST000810,David,Schneider,customer810@email.com,21,M,Berlin,2019-05-04,Young Adults,True,True
CUST000811,Paul,Schulz,customer811@email.com,32,F,Nürnberg,2020-08-08,Prime Shoppers,True,True
CUST000812,Ida,Schneider,customer812@email.com,28,M,Essen,2018-11-23,Prime Shoppers,False,True
CUST000813,Ben,Bauer,customer813@email.com,56,F,Mönchengladbach,2021-08-12,Mature Customers,True,True
CUST000814,Clara,Meyer,customer814@email.com,37,Other,Leipzig,2022-10-27,Prime Shoppers,True,False
CUST000815,Leon,Koch,customer815@email.com,50,Other,Kiel,2023-01-11,Mature Customers,True,False
CUST000816,Emma,Fischer,customer816@email.com,18,M,Bonn,2023-04-16,Young Adults,True,True
CUST000817,Clara,Fischer,customer817@email.com,39,Other,Köln,2020-10-13,Prime Shoppers,False,True
CUST000818,Laura,Bauer,customer818@email.com,48,F,Mönchengladbach,2022-09-01,Mature Customers,True,False
CUST000819,Emma,Schmidt,customer819@email.com,36,M,Düsseldorf,2019-03-23,Prime Shoppers,False,False
CUST000820,Ida,Hoffmann,customer820@email.com,50,M,Bochum,2020-04-16,Mature Customers,False,True
CUST000821,Tim,Wagner,customer821@email.com,27,F,Mannheim,2019-10-11,Prime Shoppers,True,True
CUST000822,Emma,Meyer,customer822@email.com,56,F,Augsburg,2022-12-07,Mature Customers,False,True
CUST000823,Max,Müller,customer823@email.com,69,Other,Mannheim,2018-02-13,Senior Shoppers,True,True
CUST000824,Tim,Wagner,customer824@email.com,29,F,Karlsruhe,2019-06-03,Prime Shoppers,False,True
CUST000825,Hans,Becker,customer825@email.com,28,F,Berlin,2020-12-31,Prime Shoppers,False,True
CUST000826,Clara,Fischer,customer826@email.com,56,F,Düsseldorf,2019-09-09,Mature Customers,True,False
CUST000827,Klara,Koch,customer827@email.com,58,F,Mönchengladbach,2021-07-17,Mature Customers,True,True
CUST000828,Clara,Becker,customer828@email.com,27,F,Wiesbaden,2022-11-10,Prime Shoppers,False,True
CUST000829,Noah,Schmidt,customer829@email.com,28,M,Augsburg,2022-01-09,Prime Shoppers,False,True
CUST000830,Noah,Hoffmann,customer830@email.com,30,Other,Braunschweig,2019-12-22,Prime Shoppers,False,False
CUST000831,Anna,Müller,customer831@email.com,18,Other,Karlsruhe,2021-11-24,Young Adults,True,False
CUST000832,Emma,Müller,customer832@email.com,21,F,Düsseldorf,2022-06-09,Young Adults,False,True
CUST000833,Clara,Schmidt,customer833@email.com,19,M,Dortmund,2021-03-25,Young Adults,True,False
CUST000834,Klara,Becker,customer834@email.com,23,F,Chemnitz,2022-06-12,Young Adults,True,True
CUST000835,Laura,Meyer,customer835@email.com,34,F,Düsseldorf,2018-12-22,Prime Shoppers,True,False
CUST000836,Felix,Wagner,customer836@email.com,38,F,Braunschweig,2020-01-23,Prime Shoppers,True,True
CUST000837,Anna,Schulz,customer837@email.com,58,Other,Münster,2023-04-26,Mature Customers,True,True
CUST000838,Olivia,Fischer,customer838@email.com,20,F,Augsburg,2023-06-19,Young Adults,True,True
CUST000839,Max,Wagner,customer839@email.com,49,Other,Essen,2020-04-01,Mature Customers,True,True
CUST000840,Leon,Schneider,customer840@email.com,31,Other,Köln,2023-05-17,Prime Shoppers,True,False
CUST000841,Olivia,Koch,customer841@email.com,34,F,Köln,2022-05-03,Prime Shoppers,True,True
CUST000842,Ida,Weber,customer842@email.com,45,Other,Bochum,2019-01-26,Mature Customers,False,True
CUST000843,Greta,Hoffmann,customer843@email.com,18,M,Braunschweig,2020-06-02,Young Adults,False,True
CUST000844,Felix,Wagner,customer844@email.com,40,M,Berlin,2020-05-06,Mature Customers,False,True
CUST000845,Max,Becker,customer845@email.com,37,M,Dresden,2019-04-28,Prime Shoppers,False,True
CUST000846,Paul,Schneider,customer846@email.com,42,F,Augsburg,2018-01-22,Mature Customers,False,True
CUST000847,Maria,Bauer,customer847@email.com,39,F,Wiesbaden,2021-12-31,Prime Shoppers,False,True
CUST000848,Tim,Müller,customer848@email.com,71,M,Bremen,2018-07-15,Senior Shoppers,True,False
CUST000849,Leon,Hoffmann,customer849@email.com,25,Other,Mönchengladbach,2023-02-04,Prime Shoppers,True,True
CUST000850,Sophie,Hoffmann,customer850@email.com,27,F,Leipzig,2019-06-04,Prime Shoppers,False,True
CUST000851,Tim,Müller,customer851@email.com,25,Other,Stuttgart,2018-09-28,Prime Shoppers,False,True
CUST000852,Paul,Meyer,customer852@email.com,26,F,Frankfurt,2020-10-28,Prime Shoppers,True,True
CUST000853,Sophie,Wagner,customer853@email.com,25,M,Essen,2021-12-25,Prime Shoppers,True,True
CUST000854,Emma,Becker,customer854@email.com,52,F,Wiesbaden,2018-04-01,Mature Customers,False,False
CUST000855,Ida,Hoffmann,customer855@email.com,56,F,Wuppertal,2019-08-03,Mature Customers,False,False
CUST000856,Felix,Meyer,customer856@email.com,26,Other,Bochum,2023-01-03,Prime Shoppers,True,False
CUST000857,Greta,Schneider,customer857@email.com,22,M,Dortmund,2018-04-19,Young Adults,True,True
CUST000858,Ida,Schneider,customer858@email.com,42,Other,Duisburg,2020-08-21,Mature Customers,False,True
CUST000859,Paul,Müller,customer859@email.com,26,F,Dresden,2023-01-08,Prime Shoppers,False,False
CUST000860,David,Bauer,customer860@email.com,44,M,Köln,2020-10-06,Mature Customers,False,True
CUST000861,Jonas,Schneider,customer861@email.com,38,M,Wiesbaden,2019-02-22,Prime Shoppers,False,True
CUST000862,Anna,Schulz,customer862@email.com,18,Other,Stuttgart,2021-04-10,Young Adults,False,True
CUST000863,Paul,Koch,customer863@email.com,58,M,Kiel,2019-05-20,Mature Customers,False,True
CUST000864,David,Wagner,customer864@email.com,61,F,Bonn,2019-08-06,Senior Shoppers,True,True
CUST000865,Anna,Schmidt,customer865@email.com,25,F,Braunschweig,2018-11-11,Prime Shoppers,False,False
CUST000866,Ida,Hoffmann,customer866@email.com,29,Other,Berlin,2021-07-10,Prime Shoppers,False,True
CUST000867,Max,Becker,customer867@email.com,39,F,Wiesbaden,2021-09-05,Prime Shoppers,True,True
CUST000868,Ben,Koch,customer868@email.com,40,F,Bremen,2022-11-03,Mature Customers,True,True
CUST000869,Max,Wagner,customer869@email.com,44,M,Hannover,2021-01-25,Mature Customers,False,True
CUST000870,Maria,Schmidt,customer870@email.com,65,M,Chemnitz,2019-05-07,Senior Shoppers,True,True
CUST000871,Maria,Weber,customer871@email.com,32,Other,Gelsenkirchen,2020-03-06,Prime Shoppers,True,True
CUST000872,Paul,Wagner,customer872@email.com,23,Other,Mönchengladbach,2019-09-04,Young Adults,False,True
CUST000873,David,Meyer,customer873@email.com,18,Other,Düsseldorf,2020-01-06,Young Adults,False,False
CUST000874,Maria,Becker,customer874@email.com,24,F,Bonn,2022-12-19,Young Adults,False,True
CUST000875,Noah,Meyer,customer875@email.com,34,Other,Stuttgart,2022-03-30,Prime Shoppers,False,False
CUST000876,Ben,Schulz,customer876@email.com,61,F,Duisburg,2018-07-10,Senior Shoppers,True,True
CUST000877,Paul,Schulz,customer877@email.com,27,Other,Karlsruhe,2023-03-22,Prime Shoppers,True,True
CUST000878,Noah,Schmidt,customer878@email.com,38,F,Leipzig,2020-08-16,Prime Shoppers,True,True
CUST000879,Jonas,Fischer,customer879@email.com,34,Other,Nürnberg,2021-11-02,Prime Shoppers,False,True
CUST000880,Clara,Müller,customer880@email.com,52,Other,Köln,2021-02-02,Mature Customers,False,False
CUST000881,Olivia,Koch,customer881@email.com,72,Other,Bonn,2018-07-13,Senior Shoppers,False,True
CUST000882,Laura,Schmidt,customer882@email.com,27,Other,Berlin,2019-06-06,Prime Shoppers,True,False
CUST000883,Felix,Wagner,customer883@email.com,27,M,München,2019-01-03,Prime Shoppers,False,True
CUST000884,Laura,Bauer,customer884@email.com,50,F,Gelsenkirchen,2019-10-05,Mature Customers,False,True
CUST000885,Felix,Fischer,customer885@email.com,45,M,München,2019-12-01,Mature Customers,False,True
CUST000886,Tim,Müller,customer886@email.com,62,M,Hannover,2020-06-07,Senior Shoppers,True,True
CUST000887,Paul,Becker,customer887@email.com,43,Other,Hannover,2018-12-18,Mature Customers,False,True
CUST000888,Max,Meyer,customer888@email.com,29,Other,Mannheim,2021-06-20,Prime Shoppers,False,True
CUST000889,Emma,Schneider,customer889@email.com,43,M,Düsseldorf,2018-06-29,Mature Customers,True,True
CUST000890,Greta,Müller,customer890@email.com,51,M,Bochum,2021-11-26,Mature Customers,True,True
CUST000891,Tim,Fischer,customer891@email.com,47,M,Leipzig,2020-06-11,Mature Customers,False,True
CUST000892,Noah,Müller,customer892@email.com,42,M,Stuttgart,2020-08-28,Mature Customers,True,False
CUST000893,Paul,Becker,customer893@email.com,51,M,Chemnitz,2023-05-28,Mature Customers,False,True
CUST000894,Jonas,Hoffmann,customer894@email.com,52,F,Hamburg,2019-02-17,Mature Customers,False,True
CUST000895,Noah,Wagner,customer895@email.com,55,F,Wiesbaden,2018-07-30,Mature Customers,False,True
CUST000896,Maria,Becker,customer896@email.com,44,Other,Bonn,2020-09-25,Mature Customers,False,True
CUST000897,Ben,Schulz,customer897@email.com,32,M,Nürnberg,2022-01-02,Prime Shoppers,False,True
CUST000898,Noah,Becker,customer898@email.com,37,M,Bochum,2019-07-03,Prime Shoppers,False,False
CUST000899,Noah,Müller,customer899@email.com,53,M,Leipzig,2021-11-29,Mature Customers,True,False
CUST000900,Olivia,Fischer,customer900@email.com,22,Other,Dortmund,2019-12-06,Young Adults,False,False
CUST000901,Jonas,Bauer,customer901@email.com,40,Other,Hannover,2018-09-26,Mature Customers,False,True
CUST000902,Paul,Schneider,customer902@email.com,29,Other,Düsseldorf,2022-06-19,Prime Shoppers,False,True
CUST000903,Paul,Schneider,customer903@email.com,35,M,Düsseldorf,2021-09-28,Prime Shoppers,True,False
CUST000904,Noah,Becker,customer904@email.com,54,F,Dortmund,2018-07-26,Mature Customers,True,True
CUST000905,Leon,Weber,customer905@email.com,37,F,Mannheim,2018-02-07,Prime Shoppers,True,True
CUST000906,Sophie,Müller,customer906@email.com,35,M,Bremen,2022-08-23,Prime Shoppers,False,True
CUST000907,Hans,Schmidt,customer907@email.com,18,Other,Dortmund,2021-06-18,Young Adults,False,True
CUST000908,Leon,Müller,customer908@email.com,46,Other,Essen,2019-11-28,Mature Customers,True,True
CUST000909,Ben,Becker,customer909@email.com,44,F,Braunschweig,2021-12-17,Mature Customers,True,True
CUST000910,Max,Hoffmann,customer910@email.com,67,M,Braunschweig,2022-05-20,Senior Shoppers,True,True
CUST000911,David,Fischer,customer911@email.com,30,F,Stuttgart,2018-12-09,Prime Shoppers,False,False
CUST000912,Sophie,Becker,customer912@email.com,38,Other,Chemnitz,2022-04-10,Prime Shoppers,True,True
CUST000913,Leon,Meyer,customer913@email.com,38,M,Köln,2021-08-18,Prime Shoppers,True,False
CUST000914,Noah,Müller,customer914@email.com,58,M,Braunschweig,2023-06-09,Mature Customers,False,True
CUST000915,Sophie,Schneider,customer915@email.com,33,M,Essen,2019-08-11,Prime Shoppers,False,False
CUST000916,Hans,Schneider,customer916@email.com,39,Other,Nürnberg,2020-01-09,Prime Shoppers,True,True
CUST000917,Noah,Wagner,customer917@email.com,44,F,Kiel,2022-07-01,Mature Customers,False,True
CUST000918,Anna,Becker,customer918@email.com,37,M,Gelsenkirchen,2023-04-17,Prime Shoppers,True,True
CUST000919,Klara,Meyer,customer919@email.com,28,F,Gelsenkirchen,2018-06-23,Prime Shoppers,True,False
CUST000920,Maria,Müller,customer920@email.com,37,Other,Aachen,2018-05-06,Prime Shoppers,True,True
CUST000921,Sophie,Weber,customer921@email.com,51,F,Hannover,2021-07-17,Mature Customers,False,True
CUST000922,Leon,Müller,customer922@email.com,19,F,Kiel,2023-02-06,Young Adults,True,False
CUST000923,Greta,Schulz,customer923@email.com,36,Other,Mönchengladbach,2020-07-02,Prime Shoppers,False,True
CUST000924,Maria,Fischer,customer924@email.com,24,F,München,2022-12-23,Young Adults,True,True
CUST000925,Emma,Schulz,customer925@email.com,52,Other,Leipzig,2020-03-09,Mature Customers,True,True
CUST000926,Tim,Weber,customer926@email.com,18,Other,Bremen,2020-11-13,Young Adults,True,True
CUST000927,Tim,Hoffmann,customer927@email.com,26,F,Dortmund,2018-02-27,Prime Shoppers,False,False
CUST000928,David,Bauer,customer928@email.com,40,M,Braunschweig,2020-10-31,Mature Customers,False,True
CUST000929,Sophie,Meyer,customer929@email.com,58,M,Hamburg,2021-07-08,Mature Customers,True,False
CUST000930,Laura,Bauer,customer930@email.com,34,M,Duisburg,2019-09-03,Prime Shoppers,False,True
CUST000931,Laura,Hoffmann,customer931@email.com,26,Other,Kiel,2022-07-08,Prime Shoppers,True,True
CUST000932,Jonas,Koch,customer932@email.com,63,Other,Bonn,2019-09-05,Senior Shoppers,True,False
CUST000933,Hans,Schmidt,customer933@email.com,18,F,Wuppertal,2020-11-30,Young Adults,True,True
CUST000934,David,Schneider,customer934@email.com,18,Other,Nürnberg,2020-07-19,Young Adults,False,True
CUST000935,Ben,Wagner,customer935@email.com,41,M,Bochum,2018-07-08,Mature Customers,True,False
CUST000936,Leon,Koch,customer936@email.com,27,Other,Hannover,2018-06-09,Prime Shoppers,False,True
CUST000937,Paul,Koch,customer937@email.com,19,F,Duisburg,2021-04-11,Young Adults,False,False
CUST000938,Felix,Schneider,customer938@email.com,45,Other,Frankfurt,2022-08-15,Mature Customers,False,False
CUST000939,Sophie,Schulz,customer939@email.com,38,M,Augsburg,2018-09-22,Prime Shoppers,True,False
CUST000940,Ben,Bauer,customer940@email.com,26,M,Bielefeld,2020-08-27,Prime Shoppers,False,True
CUST000941,Noah,Schmidt,customer941@email.com,18,M,Dresden,2021-05-17,Young Adults,False,True
CUST000942,Emma,Schmidt,customer942@email.com,48,F,Leipzig,2020-12-06,Mature Customers,False,True
CUST000943,Paul,Müller,customer943@email.com,44,M,Frankfurt,2019-08-26,Mature Customers,False,True
CUST000944,Jonas,Weber,customer944@email.com,33,M,Stuttgart,2023-04-03,Prime Shoppers,False,True
CUST000945,Tim,Meyer,customer945@email.com,62,M,Chemnitz,2018-09-08,Senior Shoppers,True,False
CUST000946,Laura,Weber,customer946@email.com,18,Other,Duisburg,2020-09-12,Young Adults,False,False
CUST000947,Max,Schneider,customer947@email.com,18,M,Wuppertal,2020-08-31,Young Adults,False,False
CUST000948,Olivia,Schneider,customer948@email.com,24,Other,Bremen,2021-09-28,Young Adults,True,False
CUST000949,Hans,Wagner,customer949@email.com,34,F,Bielefeld,2020-03-04,Prime Shoppers,True,False
CUST000950,Ida,Koch,customer950@email.com,38,M,Chemnitz,2022-02-16,Prime Shoppers,True,True
CUST000951,Jonas,Schulz,customer951@email.com,31,Other,Köln,2021-03-17,Prime Shoppers,True,True
CUST000952,Max,Schulz,customer952@email.com,40,Other,Gelsenkirchen,2023-05-11,Mature Customers,True,True
CUST000953,Paul,Schulz,customer953@email.com,18,M,Köln,2022-03-18,Young Adults,True,True
CUST000954,Greta,Fischer,customer954@email.com,56,Other,Braunschweig,2019-07-18,Mature Customers,False,True
CUST000955,Tim,Hoffmann,customer955@email.com,33,F,Hannover,2022-07-11,Prime Shoppers,True,False
CUST000956,Anna,Meyer,customer956@email.com,51,F,Stuttgart,2022-11-01,Mature Customers,False,True
CUST000957,Sophie,Meyer,customer957@email.com,40,F,Essen,2022-10-27,Mature Customers,True,True
CUST000958,Tim,Schneider,customer958@email.com,41,F,Frankfurt,2018-07-23,Mature Customers,True,True
CUST000959,Clara,Schneider,customer959@email.com,43,F,Nürnberg,2022-04-23,Mature Customers,True,True
CUST000960,Klara,Schneider,customer960@email.com,41,M,Augsburg,2021-06-12,Mature Customers,True,True
CUST000961,David,Meyer,customer961@email.com,44,M,Nürnberg,2020-03-09,Mature Customers,False,True
CUST000962,David,Müller,customer962@email.com,54,M,Dortmund,2020-02-09,Mature Customers,True,False
CUST000963,Sophie,Wagner,customer963@email.com,37,M,Essen,2020-11-07,Prime Shoppers,True,True
CUST000964,Tim,Wagner,customer964@email.com,45,M,Bochum,2020-08-09,Mature Customers,True,False
CUST000965,Hans,Müller,customer965@email.com,33,F,Bielefeld,2021-07-21,Prime Shoppers,True,True
CUST000966,Tim,Koch,customer966@email.com,56,M,Leipzig,2022-04-12,Mature Customers,False,False
CUST000967,Sophie,Fischer,customer967@email.com,24,M,Dresden,2018-06-21,Young Adults,True,True
CUST000968,Noah,Schulz,customer968@email.com,62,F,Hamburg,2021-01-05,Senior Shoppers,True,False
CUST000969,Max,Weber,customer969@email.com,34,Other,Stuttgart,2023-05-23,Prime Shoppers,True,True
CUST000970,Paul,Weber,customer970@email.com,18,Other,Essen,2023-03-27,Young Adults,False,True
CUST000971,Greta,Hoffmann,customer971@email.com,36,Other,Leipzig,2022-09-22,Prime Shoppers,True,True
CUST000972,Tim,Hoffmann,customer972@email.com,24,M,Leipzig,2022-02-22,Young Adults,True,False
CUST000973,David,Schneider,customer973@email.com,47,Other,Bielefeld,2021-12-01,Mature Customers,False,False
CUST000974,Max,Schulz,customer974@email.com,25,F,Kiel,2019-03-08,Prime Shoppers,False,True
CUST000975,Olivia,Weber,customer975@email.com,28,M,Mannheim,2022-03-22,Prime Shoppers,False,True
CUST000976,Olivia,Hoffmann,customer976@email.com,18,F,Berlin,2019-03-08,Young Adults,True,True
CUST000977,Paul,Müller,customer977@email.com,28,M,Mannheim,2021-05-31,Prime Shoppers,True,False
CUST000978,Paul,Wagner,customer978@email.com,18,Other,München,2021-02-12,Young Adults,True,True
CUST000979,Olivia,Koch,customer979@email.com,18,M,Dresden,2023-01-02,Young Adults,False,True
CUST000980,Felix,Bauer,customer980@email.com,46,M,Köln,2020-03-03,Mature Customers,False,True
CUST000981,Greta,Becker,customer981@email.com,46,M,Dortmund,2023-04-02,Mature Customers,True,True
CUST000982,Leon,Fischer,customer982@email.com,41,M,Braunschweig,2021-10-25,Mature Customers,False,True
CUST000983,Paul,Meyer,customer983@email.com,20,M,Essen,2019-04-25,Young Adults,False,True
CUST000984,Greta,Koch,customer984@email.com,34,F,Köln,2018-01-15,Prime Shoppers,False,False
CUST000985,Tim,Fischer,customer985@email.com,34,Other,Wiesbaden,2018-12-16,Prime Shoppers,True,True
CUST000986,Emma,Bauer,customer986@email.com,18,M,Frankfurt,2021-04-19,Young Adults,False,True
CUST000987,Sophie,Bauer,customer987@email.com,57,F,Düsseldorf,2022-12-10,Mature Customers,True,True
CUST000988,Tim,Becker,customer988@email.com,48,M,Nürnberg,2021-10-26,Mature Customers,True,True
CUST000989,Noah,Weber,customer989@email.com,31,M,Mannheim,2020-06-04,Prime Shoppers,False,False
CUST000990,Sophie,Müller,customer990@email.com,35,Other,Dortmund,2020-01-11,Prime Shoppers,True,True
CUST000991,Noah,Schulz,customer991@email.com,38,F,Bremen,2023-02-24,Prime Shoppers,True,False
CUST000992,Klara,Schmidt,customer992@email.com,18,Other,Mönchengladbach,2019-02-03,Young Adults,True,True
CUST000993,Noah,Schmidt,customer993@email.com,31,M,Düsseldorf,2021-11-13,Prime Shoppers,True,True
CUST000994,Clara,Koch,customer994@email.com,24,Other,Köln,2019-09-29,Young Adults,True,False
CUST000995,Anna,Hoffmann,customer995@email.com,19,Other,Aachen,2020-06-03,Young Adults,False,True
CUST000996,David,Becker,customer996@email.com,30,M,Bremen,2019-05-22,Prime Shoppers,True,True
CUST000997,Hans,Schmidt,customer997@email.com,61,Other,Münster,2020-11-30,Senior Shoppers,False,True
CUST000998,Olivia,Hoffmann,customer998@email.com,44,M,München,2021-07-04,Mature Customers,True,True
CUST000999,Klara,Bauer,customer999@email.com,26,M,Mönchengladbach,2020-02-12,Prime Shoppers,True,True
CUST001000,Olivia,Müller,customer1000@email.com,43,F,Münster,2023-02-26,Mature Customers,False,True
